Delivery Date;VEHICLE;BEAT_NAME;PARTY_HLL_CODE;BILL_NUMBER;BILL_DATE;BILL VALUE;Current Latitude;Current Longitude;Current Latitude;Current Longitude;W_KG
43405.0;VAN3 (RAJKUMAR);D-CHROMPET 1;HUL-410243D-CH0103;GST43677;43434.0;9916.0;12.94852479294737;80.15165347064749;12.9514656;80.1464959;222.13399999999996
43405.0;VAN3 (RAJKUMAR);D-CHROMPET 1;HUL-410243D-CH0109;GST43678;43434.0;10509.0;12.9503313;80.1513003;12.9505323;80.1502985;310.9700000000001
43405.0;VAN3 (RAJKUMAR);D-CHROMPET 1;HUL-410243D-P18928;GST43679;43434.0;29120.0;12.95159512270743;80.14369790965111;12.9506935;80.1457394;726.3250000000005
43405.0;VAN3 (RAJKUMAR);D-CHROMPET 1;HUL-410243D-CH0114;GST43680;43434.0;10999.0;12.94896498769934;80.15109919120869;12.94977892;80.14868921;306.089
43405.0;van 2(MURUGAN);D-CHROMPET 1;HUL-410243D-P16865;GST43681;43434.0;5595.0;12.9506208;80.1447774;12.9506208;80.1447774;644.5409999999997
43405.0;VAN3 (RAJKUMAR);D-CHROMPET 1;TN60004462137;GST43682;43434.0;14854.0;12.95161010874424;80.14149267574612;12.9462627;80.146728;796.4079999999997
43405.0;van 2(MURUGAN);D-CHROMPET 1;TN60004460260;GST43683;43434.0;10512.0;12.9508681;80.14421759999999;12.9508681;80.14421759999999;336.5060000000002
43405.0;van 2(MURUGAN);D-CHROMPET 1;TN60004460201;GST43684;43434.0;8637.0;12.95195058041918;80.14495678596381;12.950748;80.147899;522.4560000000001
43405.0;van 2(MURUGAN);D-CHROMPET 1;HUL-410243D-CH0041;GST43686;43434.0;1889.0;12.94893867268092;80.15220750548565;12.9495784;80.1507632;335.0980000000002
43405.0;VAN3 (RAJKUMAR);D-CHROMPET 1;HUL-410243D-P27619;GST43687;43434.0;6622.0;12.9506659;80.14438659999999;12.95110786;80.14358148;398.5500000000001
43405.0;VAN3 (RAJKUMAR);D-CHROMPET 1;TN60004460191;GST43688;43434.0;69950.0;12.9534787;80.141768;12.9534787;80.141768;2085.8320000000026
43405.0;IMA 1;D-POZHICHALUR;HUL-410243D-P47212;GST43689;43434.0;135271.0;12.97088554;80.13852443;12.9763838;80.1440308;1058.284
43405.0;IMA 1;D-CHROMPET 1;TN60004450166;GST43690;43434.0;162830.0;12.953589;80.1414518;12.953589;80.1414518;6457.264000000003
43405.0;VAN3 (RAJKUMAR);D-CHROMPET 1;TN60001654865;GST43691;43434.0;18455.0;12.9511315;80.14344283;12.9511315;80.14344283;1769.6650000000006
43405.0;van 2(MURUGAN);D-CHROMPET 1;TN60004460242;GST43692;43434.0;27618.0;12.9517355450113;80.14120657302828;12.9511025;80.1435048;1208.5559999999994
43405.0;van 2(MURUGAN);D-CHROMPET 2;HUL-410243D-P26589;GST43694;43434.0;3593.0;12.95624344033574;80.1326711700608;12.9484653;80.1370153;384.60499999999996
43405.0;van 2(MURUGAN);D-CHROMPET 2;HUL-410243D-NG0001;GST43695;43434.0;227.0;12.9506718610058;80.13758872791209;12.9485322;80.13741334;80.24300000000001
43405.0;van 2(MURUGAN);D-CHROMPET 2;TN60004460225;GST43699;43434.0;5308.0;12.9543725;80.135145;12.9530708;80.1401633;157.09500000000003
43405.0;VAN 4 (FELIX);D-MR-ANAKAPUTHUR;HUL-410243D-P48999;GST43700;43434.0;7655.0;12.96688274;80.08416239;12.96688274;80.08416239;421.0229999999999
43405.0;VAN3 (RAJKUMAR);D-CHROMPET 2;HUL-41A237D-P39512;GST43701;43434.0;13138.0;12.9535023862989;80.13273154372018;12.9571664;80.1305119;513.241
43405.0;VAN 4 (FELIX);D-MR-CHROMPET  1;HUL-410243D-P19453;GST43702;43434.0;3884.0;12.95357589;80.15094096;12.95357589;80.15094096;62.64000000000001
43405.0;van 2(MURUGAN);D-MR-CHROMPET  1;HUL-410243D-P20477;GST43703;43434.0;5148.0;12.94273677;80.16298765;12.94273677;80.16298765;101.43799999999999
43405.0;van 2(MURUGAN);D-MR-CHROMPET  1;HUL-410243D-P31091;GST43704;43434.0;1093.0;12.9495066;80.15008298;12.9495066;80.15008298;33.471
43405.0;VAN 4 (FELIX);D-MR-CHROMPET  1;HUL-410243D-P31916;GST43705;43434.0;5120.0;12.95131183342778;80.14219222715599;12.9471473;80.1531542;83.96999999999997
43405.0;van 2(MURUGAN);D-MR-CHROMPET  1;HUL-410243D-P50614;GST43706;43434.0;6739.0;12.94319205032851;80.15488393775547;12.94577333;80.16113166;122.66699999999994
43405.0;van 2(MURUGAN);D-MR-CHROMPET  1;HUL-410243D-P47000;GST43707;43434.0;2107.0;12.95319298;80.15135138;12.95319298;80.15135138;33.051
43405.0;van 2(MURUGAN);D-MR-CHROMPET  1;HUL-410243D-CH0102;GST43708;43434.0;5895.0;12.95019158253885;80.14825600567701;12.95120849;80.14729184;257.03300000000013
43405.0;VAN3 (RAJKUMAR);D-MR-CHROMPET  1;HUL-410243D-P30764;GST43709;43434.0;12093.0;12.94622438;80.15678799;12.94622438;80.15678799;152.80600000000004
43405.0;VAN 4 (FELIX);D-MR-CHROMPET  1;HUL-410243D-P50401;GST43710;43434.0;3160.0;12.94584166;80.16171;12.94584166;80.16171;56.84999999999999
43405.0;van 2(MURUGAN);D-MR-CHROMPET  1;HUL-41A237D-P39548;GST43711;43434.0;3521.0;12.952901;80.1468273;12.952901;80.1468273;247.75500000000008
43405.0;van 2(MURUGAN);D-MR-CHROMPET  1;HUL-41A237D-P40060;GST43712;43434.0;2822.0;12.96187088484187;80.13268617697054;12.94894467;80.15558821;147.655
43405.0;BIKE (MOHAMMEDASAIN);HUL-PAMMAL 3;HUL-41A237D-P3880352;GST43713;43434.0;611.0;26.34637;92.68404;12.969615;80.130611;28.827999999999996
43405.0;VAN 6 (BALA;HUL-PAMMAL 3;HUL-41A237D-P3880357;GST43714;43434.0;2956.0;12.9717696;80.1323153;12.9725548;80.1300907;42.40599999999999
43405.0;VAN 6 (BALA;HUL-PAMMAL 3;HUL-41A237D-P3880367;GST43715;43434.0;2259.0;12.9708196;80.1336108;12.971735;80.133676;52.577
43405.0;BIKE (MOHAMMEDASAIN);HUL-PAMMAL 3;HUL-41A237D-P3880372;GST43716;43434.0;2357.0;0.0;0.0;12.976978;80.134507;24.093000000000004
43405.0;BIKE (MOHAMMEDASAIN);HUL-PAMMAL 3;HUL-41A237D-P3880828;GST43717;43434.0;1852.0;13.0457207;80.22062869999999;13.0457207;80.22062869999999;11.025
43405.0;BIKE (MOHAMMEDASAIN);HUL-PAMMAL 3;HUL-41A237D-P3880833;GST43718;43434.0;1294.0;12.9821793;80.1295073;12.9821793;80.1295073;6.7940000000000005
43405.0;BIKE (MOHAMMEDASAIN);HUL-PAMMAL 3;HUL-41A237D-P3880960;GST43719;43434.0;2959.0;26.34637;92.68404;12.9651443038916;80.13544197236581;9.863000000000001
43405.0;BIKE (MOHAMMEDASAIN);HUL-PAMMAL 3;HUL-41A237D-P3880965;GST43720;43434.0;1257.0;12.98353869423942;80.1265926566557;12.98353869423942;80.1265926566557;0.74
43405.0;VAN 6 (BALA;F-POZHICHALUR;HUL-410243D-P19465;GST43721;43434.0;4960.0;12.97977362;80.13573943;12.97977362;80.13573943;107.363
43405.0;VAN 6 (BALA;F-POZHICHALUR;HUL-410243D-P36410;GST43722;43434.0;2591.0;12.98957376;80.14000413;12.98957376;80.14000413;44.36799999999998
43405.0;VAN 6 (BALA;F-POZHICHALUR;HUL-410243D-P47256;GST43723;43434.0;2947.0;12.97671;80.132718;12.97671;80.132718;233.0430000000003
43405.0;VAN 6 (BALA;F-POZHICHALUR;HUL-410243D-PL0009;GST43724;43434.0;7440.0;12.9796204;80.1386387;12.9796204;80.1386387;116.17399999999998
43405.0;VAN 6 (BALA;F-POZHICHALUR;HUL-410243D-P36231;GST43725;43434.0;24973.0;12.97723817685933;80.14082254221535;12.97619532;80.14503747;1193.1570000000017
43405.0;VAN 6 (BALA;F-POZHICHALUR;HUL-410243D-P48447;GST43726;43434.0;7225.0;12.97277284258529;80.13647191872701;12.978436;80.1381373;504.12900000000064
43405.0;VAN 6 (BALA;F-POZHICHALUR;TN60007508224;GST43727;43434.0;26436.0;12.97367859;80.13787355;12.97367859;80.13787355;2379.9439999999995
43405.0;VAN 6 (BALA;F-POZHICHALUR;TN60007460230;GST43728;43434.0;12118.0;12.9827806;80.13964477;12.9827806;80.13964477;508.1410000000002
43405.0;VAN 6 (BALA;F-POZHICHALUR;TN60007560276;GST43729;43434.0;19993.0;12.97719757004448;80.14091833558496;12.97719757004448;80.14091833558496;802.3280000000008
43405.0;BIKE KANNAN;F-MR-ANAKAPUTHUR;HUL-410243D-P35365;GST43730;43434.0;907.0;12.95657057;80.13050712;12.966682;80.1072477;492.1849999999999
43405.0;VAN 4 (FELIX);F-MR-ANAKAPUTHUR;HUL-410967D-P7988;GST43731;43434.0;5688.0;12.95642999641355;80.1264659034614;12.96857;80.09509333;316.3800000000001
43405.0;VAN 6 (BALA;F-MR-ANAKAPUTHUR;HUL-410243D-OP0008;GST43732;43434.0;9572.0;12.96880933145376;80.12633304817325;12.97324234;80.12868924;353.9380000000001
43405.0;VAN 4 (FELIX);F-MR-ANAKAPUTHUR;HUL-41A237D-P387951;GST43733;43434.0;5257.0;12.9669423;80.0969557;12.9669423;80.0969557;266.9790000000001
43405.0;BIKE KANNAN;F-MR-ANAKAPUTHUR;HUL-41A237D-P39627;GST43734;43434.0;715.0;12.96721673;80.0880034;12.96721673;80.0880034;115.452
43405.0;BIKE KANNAN;F-MR-ANAKAPUTHUR;HUL-41A237D-P39777;GST43735;43434.0;953.0;12.9673772;80.1051381;12.9673772;80.1051381;43.740999999999964
43405.0;BIKE (MOHAMMEDASAIN);F-MR-ANAKAPUTHUR;HUL-41A237D-P4290;GST43736;43434.0;288.0;12.9737347;80.1273743;12.9737347;80.1273743;109.21199999999996
43405.0;VAN 6 (BALA;F-MR-ANAKAPUTHUR;TN60007560216;GST43737;43434.0;4781.0;12.97246776941325;80.12712395940048;12.96923004;80.1278392;521.183
43405.0;VAN 6 (BALA;F-MR-ANAKAPUTHUR;HUL-410243D-AN0047;GST43738;43434.0;3842.0;12.97435600139369;80.12777216798997;12.97213;80.12858666;167.86700000000002
43405.0;van 2(MURUGAN);F-MR-T MALAI;HUL-410243D-P19114;GST43739;43434.0;2317.0;12.95743466;80.14057827;12.95743466;80.14057827;20.897000000000002
43405.0;van 2(MURUGAN);F-MR-CHROMPET 2;HUL-41A237D-P39744;GST43743;43434.0;10614.0;12.955001;80.1331762;12.955001;80.1331762;346.805
43405.0;VAN 6 (BALA;F-MR-T MALAI;HUL-41A237D-P40034;GST43744;43434.0;7772.0;12.95152066652676;80.13963251951077;12.97153408;80.12112593;82.533
43405.0;BIKE (MOHAMMEDASAIN);F-MR-T MALAI;HUL-41A237D-P40044;GST43745;43434.0;1451.0;12.953381846152;80.14120751185851;12.9706484;80.1206189;40.873000000000005
43405.0;van 2(MURUGAN);F-MR-T MALAI;HUL-410243D-NG0004;GST43747;43434.0;2205.0;12.95147742;80.13828406;12.95147742;80.13828406;100.26899999999999
43405.0;BIKE (VIJAY);PPB-PALLAVARAM;HUL-410243D-P20462;GST43749;43434.0;164.0;12.9672392812528;80.15253264351952;12.96728894;80.14255182;91.47999999999999
43405.0;BIKE (VIJAY);PPB-PALLAVARAM;HUL-410243D-TH5;GST43750;43434.0;2152.0;12.9693753;80.1462928;12.9693753;80.1462928;23.634000000000007
43405.0;BIKE (VIJAY);PPB-PALLAVARAM;HUL-413553D-P289;GST43751;43434.0;3435.0;12.96641539882271;80.14217103971873;12.9678839;80.1486789;96.859
43405.0;BIKE KANNAN;PPB-PALLAVARAM;HUL-410243D-PV0049;GST43752;43434.0;192.0;12.96667251815096;80.14332768135455;12.9658408;80.1415198;203.16800000000006
43405.0;BIKE (VIJAY);PPB-PALLAVARAM;HUL-410243D-PV0029;GST43753;43434.0;190.0;12.97036426198508;80.14586234696117;12.9691324;80.146546;259.5140000000001
43405.0;VAN 6 (BALA;PPB-PALLAVARAM;TN60004361980;GST43754;43434.0;2664.0;12.95795870213216;80.17574261627271;12.9615674;80.1597006;185.53200000000012
43405.0;VAN 6 (BALA;PPB-PALLAVARAM;HUL-41A237D-P3880995;GST43755;43434.0;2502.0;12.965741;80.14885459999999;12.965741;80.14885459999999;6.644000000000001
43405.0;VAN 4 (FELIX);PPB-PALLAVARAM;HUL-410243D-P48873;GST43756;43434.0;2571.0;12.9657665;80.1413922;12.9657665;80.1413922;378.644
43405.0;VAN 6 (BALA;PPB-PALLAVARAM;TN60004308225;GST43757;43434.0;1365.0;12.9688693;80.148092;12.9688693;80.148092;149.25499999999997
43405.0;VAN 6 (BALA;PPB-PALLAVARAM;TN60004360269;GST43758;43434.0;3988.0;12.96480166;80.15128666;12.96480166;80.15128666;2433.213
43405.0;BIKE (VIJAY);PPB-PALLAVARAM;HUL-410243D-PV0006;GST43759;43434.0;911.0;12.96913;80.1479224;12.96913;80.1479224;483.482
43405.0;van 2(MURUGAN);HUL-CHROMPET-2;HUL-413376GD37;GST43760;43434.0;2130.0;12.94458884;80.13475712;12.94458884;80.13475712;12.511999999999992
43405.0;VAN 4 (FELIX);HUL-CHROMPET-2;HUL-410243D-P32417;GST43761;43434.0;1745.0;12.96008084;80.12974386;12.96008084;80.12974386;13.563999999999998
43405.0;van 2(MURUGAN);HUL-CHROMPET-2;HUL-413501566;GST43764;43434.0;3034.0;12.95479292;80.1329258;12.95479292;80.1329258;39.03200000000001
43405.0;van 2(MURUGAN);HUL-CHROMPET-2;HUL-410243D-NAG1;GST43765;43434.0;1812.0;12.95650666;80.130715;12.95650666;80.130715;8.753
43405.0;van 2(MURUGAN);HUL-CHROMPET-2;HUL-410243D-NG0022;GST43769;43434.0;2969.0;12.94420692;80.13450434;12.94420692;80.13450434;46.65200000000001
43405.0;BIKE KANNAN;PPB-MR-PALLAVARAM;HUL-410243D-P21113;GST43786;43434.0;251.0;12.96544833;80.1406904;12.96544833;80.1406904;3.815
43405.0;BIKE (VIJAY);PPB-MR-PALLAVARAM;HUL-410243D-PV0033;GST43787;43434.0;835.0;12.97387635807058;80.14652209897599;12.969007;80.1485933;2.918
43405.0;BIKE (VIJAY);PPB-MR-PALLAVARAM;HUL-410243D-PV0046;GST43788;43434.0;1480.0;12.9771872818242;80.13911523214188;12.9677373;80.1488367;107.1230000000001
43405.0;BIKE (VIJAY);PPB-MR-PALLAVARAM;HUL-410243D-PV0050;GST43789;43434.0;144.0;12.97014166;80.14823666;12.97014166;80.14823666;91.203
43405.0;BIKE KANNAN;PPB-MR-PALLAVARAM;HUL-41A237D-P39673;GST43790;43434.0;738.0;12.9679951;80.1434318;12.9679951;80.1434318;151.97699999999998
43405.0;VAN 6 (BALA;PPB-MR-PALLAVARAM;HUL-41A237D-P40067;GST43791;43434.0;3709.0;12.97200110260534;80.13511387471317;12.9748119;80.1331255;454.5689999999998
43405.0;BIKE (VIJAY);PPB-MR-PALLAVARAM;HUL-410243D-CH0105;GST43792;43434.0;867.0;12.9678641;80.1499597;12.9678641;80.1499597;27.293999999999997
43405.0;BIKE (VIJAY);PPB-MR-PALLAVARAM 2;HUL-410243D-OP0001;GST43793;43434.0;208.0;12.96446999;80.152425;12.96446999;80.152425;128.27399999999997
43405.0;BIKE (VIJAY);PPB-MR-PALLAVARAM 2;HUL-410243D-P48853;GST43794;43434.0;1508.0;12.9681197;80.1495928;12.9681197;80.1495928;13.434999999999999
43405.0;VAN 6 (BALA;PPB-MR-PALLAVARAM 2;HUL-410243D-CH0106;GST43795;43434.0;4214.0;12.9643435;80.1528016;12.9643435;80.1528016;14.301000000000005
43405.0;BIKE (VIJAY);PPB-MR-PALLAVARAM 2;HUL-410243D-PV0030;GST43796;43434.0;915.0;12.96914333;80.148245;12.96914333;80.148245;40.709999999999994
43405.0;BIKE (VIJAY);PPB-MR-PALLAVARAM 2;HUL-41A237D-P387637;GST43797;43434.0;170.0;12.9685928;80.148302;12.9685928;80.148302;1.03
43405.0;VAN 4 (FELIX);DF - CHROMPET - 1;HUL-410243D-P31566;GST43799;43434.0;1291.0;12.94559833;80.16338833;12.94559833;80.16338833;23.717
43405.0;van 2(MURUGAN);DF - CHROMPET - 1;HUL-410243D-P27378;GST43800;43434.0;1100.0;12.95151833;80.1428;12.95151833;80.1428;12.0
43405.0;van 2(MURUGAN);DF - CHROMPET - 1;HUL-410243D-P48528;GST43801;43434.0;388.0;12.95707833;80.14097666;12.95707833;80.14097666;13.325000000000001
43405.0;van 2(MURUGAN);DF - CHROMPET - 1;HUL-410243D-CH0014;GST43803;43434.0;759.0;12.9506659;80.14438659999999;12.9515054;80.14259;20.682999999999993
43405.0;van 2(MURUGAN);DF - CHROMPET - 1;HUL-410243D-CH0140;GST43804;43434.0;3081.0;12.95134833;80.14493;12.95134833;80.14493;54.10700000000002
43405.0;BIKE (MOHAMMEDASAIN);PPB-ANAKAPUTHUR;HUL-410243D-AN0017;GST43809;43434.0;167.0;13.0627021;80.2639011;12.98009722;80.12829552;859.241
43405.0;BIKE (MOHAMMEDASAIN);PPB-ANAKAPUTHUR;HUL-410243D-AN0026;GST43810;43434.0;1434.0;13.0627021;80.2639011;12.97213666;80.12854833;6.475999999999998
43405.0;VAN 6 (BALA;PPB-ANAKAPUTHUR;HUL-410243D-P49594;GST43813;43434.0;6357.0;12.97967978;80.1289519;12.97967978;80.1289519;578.911
43405.0;BIKE (MOHAMMEDASAIN);PPB-ANAKAPUTHUR;HUL-410243D-P14994;GST43816;43434.0;380.0;12.98106857;80.12844627;12.98106857;80.12844627;300.55600000000004
43405.0;BIKE (MOHAMMEDASAIN);PPB-ANAKAPUTHUR;HUL-410243D-AN0055;GST43817;43434.0;1496.0;12.98066833;80.128575;12.98066833;80.128575;114.06799999999998
43405.0;VAN 6 (BALA;HUL - KAMARAJAPURAM;HUL-410243D-P49696;GST43818;43434.0;1172.0;12.9490866;80.1375919;12.97333437;80.12413048;7.392
43405.0;BIKE (MOHAMMEDASAIN);HUL - KAMARAJAPURAM;HUL-41A237D-P387782;GST43819;43434.0;220.0;12.9823009;80.1225607;12.980037899444;80.1282670688339;1.2
43405.0;BIKE (MOHAMMEDASAIN);HUL - KAMARAJAPURAM;HUL-41A237D-P3880803;GST43820;43434.0;2474.0;12.9581202;80.1192281;12.9581202;80.1192281;10.447
43405.0;VAN 4 (FELIX);HUL - KAMARAJAPURAM;HUL-41A237D-P40004;GST43821;43434.0;2594.0;12.94905295294701;80.13874846577687;12.97368016;80.1220495;63.40399999999996
43405.0;BIKE KANNAN;HUL - KAMARAJAPURAM;HUL-41A237D-P40039;GST43822;43434.0;1050.0;12.95209575870129;80.14119249188093;12.9711267;80.120965;19.895999999999997
43405.0;VAN 4 (FELIX);HUL - KAMARAJAPURAM;HUL-41A237D-P40054;GST43823;43434.0;8395.0;12.94566537085759;80.1365597792917;12.9696092705871;80.1200153882436;59.65599999999997
43405.0;VAN 6 (BALA;PPB-PALLAVARAM;HUL-41A237D-P387623;GST43824;43434.0;1450.0;12.97003042;80.14700998;12.97003042;80.14700998;1092.6529999999998
43405.0;BIKE (VIJAY);PPB-PALLAVARAM;HUL-410243D-PV0007;GST43825;43434.0;1027.0;12.97052805188348;80.14702229299394;12.96916166;80.14695499;774.9110000000003
43406.0;VAN3 (RAJKUMAR);D-PALLAVARAM;HUL-410243D-PV0051;GST39597;43405.0;3833.0;12.97049576245144;80.13986003447417;12.97022145;80.14835374;292.1860000000001
43406.0;VAN3 (RAJKUMAR);D-PALLAVARAM;HUL-410243D-P47245;GST39600;43405.0;7189.0;12.961569;80.159403;12.961569;80.159403;1727.9159999999993
43406.0;van 2(MURUGAN);D-MR-PALLAVARAM;HUL-410243D-P20393;GST39603;43405.0;4607.0;12.96848933;80.14520705;12.96848933;80.14520705;92.68799999999999
43406.0;van 2(MURUGAN);D-MR-PALLAVARAM;HUL-410243D-P26265;GST39604;43405.0;3151.0;12.9772398;80.14757133;12.9772398;80.14757133;35.10699999999999
43406.0;VAN 4 (FELIX);D-MR-PALLAVARAM;HUL-410243D-P47544;GST39606;43405.0;3852.0;12.96561986;80.14115458;12.96561986;80.14115458;143.81200000000007
43406.0;VAN3 (RAJKUMAR);D-MR-PALLAVARAM;HUL-414141D-P17081;GST39607;43405.0;10385.0;12.96695852;80.15324022;12.96695852;80.15324022;329.74199999999996
43406.0;VAN3 (RAJKUMAR);D-MR-PALLAVARAM;HUL-410243D-P20729;GST39608;43405.0;3935.0;12.96334476;80.15477411;12.96334476;80.15477411;133.89400000000003
43406.0;van 2(MURUGAN);D-MR-PALLAVARAM;HUL-41A237D-P387610;GST39610;43405.0;3445.0;16.2055321;74.4349761;12.9609352;80.1614489;219.14300000000003
43406.0;van 2(MURUGAN);D-MR-PALLAVARAM;HUL-410243D-PV0041;GST39613;43405.0;20087.0;12.96906901;80.14653754;12.96906901;80.14653754;277.8140000000001
43406.0;VAN 6 (BALA;D-MR-PAMMAL(PALL);HUL-410243D-P18910;GST39614;43405.0;7604.0;12.9692643;80.1381354;12.9692643;80.1381354;120.206
43406.0;VAN 6 (BALA;D-MR-PAMMAL(PALL);HUL-410243D-P27065;GST39615;43405.0;4084.0;12.97264103;80.13795596;12.97264103;80.13795596;41.34999999999999
43406.0;VAN 6 (BALA;D-MR-PAMMAL(PALL);HUL-410243D-P48636;GST39616;43405.0;3278.0;12.9880343;80.116165;12.985465;80.123395;104.44300000000005
43406.0;VAN 6 (BALA;D-MR-PAMMAL(PALL);HUL-410243D-PM0040;GST39617;43405.0;4092.0;12.97085833;80.12817666;12.97085833;80.12817666;45.058
43406.0;VAN 6 (BALA;D-MR-PAMMAL(PALL);HUL-410243D-P21170;GST39619;43405.0;4329.0;12.97721938162464;80.14086986429527;12.97468216;80.14617128;396.13599999999985
43406.0;VAN3 (RAJKUMAR);D-MR-PAMMAL(PALL);HUL-410243D-PV0011;GST39620;43405.0;6003.0;12.970293;80.146013;12.9690758;80.1464782;464.9960000000001
43406.0;VAN 4 (FELIX);D-MR-PAMMAL(PALL);HUL-41A237D-P387524;GST39621;43405.0;1716.0;12.97203050302227;80.13063882663107;12.9732894;80.1250188;21.570000000000004
43406.0;VAN 4 (FELIX);D-MR-PAMMAL(PALL);HUL-41A237D-P388112;GST39622;43405.0;7457.0;12.96608049;80.14154422;12.96608049;80.14154422;193.80200000000002
43406.0;VAN 6 (BALA;D-MR-PAMMAL(PALL);HUL-410243D-AD0401;GST39624;43405.0;2566.0;13.0627021;80.2639011;12.9738041;80.1336842;26.802000000000003
43406.0;VAN 4 (FELIX);ST - NANGANALLUR 2;HUL-414141D-P15925;GST39629;43405.0;2519.0;12.97885913;80.17768965;12.97885913;80.17768965;17.967000000000002
43406.0;VAN 4 (FELIX);ST - NANGANALLUR 2;HUL-41A237D-P4146;GST39636;43405.0;2127.0;12.9813063;80.1837488;12.9813063;80.1837488;103.21499999999995
43406.0;VAN 4 (FELIX);ST - NANGANALLUR 2;HUL-41A237D-P4176;GST39637;43405.0;2256.0;12.96951129;80.18199772;12.96951129;80.18199772;38.482000000000006
43406.0;VAN3 (RAJKUMAR);F-PAMMAL;HUL-410243D-P46797;GST39638;43405.0;9877.0;12.96838595864422;80.1276919727751;12.9693982;80.1278978;319.1089999999999
43406.0;VAN3 (RAJKUMAR);F-PAMMAL;HUL-410243D-P26829;GST39641;43405.0;27311.0;12.96923859317596;80.13209997957915;12.9747076;80.1340184;2116.08
43406.0;VAN3 (RAJKUMAR);F-PAMMAL;HUL-413501478;GST39643;43405.0;5725.0;12.9757900441689;80.13247696643737;12.96594625;80.12702543;131.193
43406.0;VAN 6 (BALA;F-PAMMAL;HUL-410243D-PM0007;GST39644;43405.0;5264.0;12.9750226;80.1337645;12.97212621;80.14015052;63.589
43406.0;VAN3 (RAJKUMAR);F-PAMMAL;HUL-410243D-PM0038;GST39645;43405.0;3463.0;12.96554828258464;80.13340278243754;12.97420973;80.13361968;881.1999999999999
43406.0;VAN3 (RAJKUMAR);F-PAMMAL;HUL-410243D-PM0025;GST39647;43405.0;4700.0;12.97235968365224;80.13346082076555;12.97125524;80.13354555;159.32999999999996
43406.0;VAN 6 (BALA;F-ANAKAPUTHUR;HUL-410243D-P24701;GST39649;43405.0;1336.0;12.98811692;80.12990342;12.98811692;80.12990342;44.88599999999999
43406.0;VAN 6 (BALA;F-ANAKAPUTHUR;HUL-410243D-P27133;GST39650;43405.0;5492.0;12.98213078;80.13043003;12.98213078;80.13043003;60.387
43406.0;VAN 6 (BALA;F-ANAKAPUTHUR;HUL-410243D-P46763;GST39652;43405.0;4895.0;12.98314468;80.12697246;12.98314468;80.12697246;665.8600000000009
43406.0;VAN 6 (BALA;F-ANAKAPUTHUR;HUL-41A237D-P39770;GST39653;43405.0;1801.0;12.9745194;80.1304713;12.9745194;80.1304713;9.095999999999997
43406.0;VAN 6 (BALA;F-ANAKAPUTHUR;HUL-410243D-AN0016;GST39657;43405.0;2153.0;13.0627021;80.2639011;12.98076;80.12806166;33.768
43406.0;van 2(MURUGAN);F-MR-POZHICHALUR;HUL-410243D-PL0031;GST39660;43405.0;2554.0;12.98355668;80.13793035;12.98355668;80.13793035;42.447999999999986
43406.0;van 2(MURUGAN);F-MR-POZHICHALUR;HUL-410243D-P19117;GST39661;43405.0;13044.0;12.98177303;80.14154845;12.98177303;80.14154845;88.92399999999995
43406.0;van 2(MURUGAN);F-MR-POZHICHALUR;HUL-410243D-P25383;GST39662;43405.0;2706.0;12.98408955;80.13842961;12.98408955;80.13842961;126.66600000000001
43406.0;VAN 6 (BALA;F-MR-POZHICHALUR;HUL-41A237D-P4226;GST39664;43405.0;1863.0;12.97797;80.14397166;12.97797;80.14397166;18.87
43406.0;VAN 4 (FELIX);PPA-NANGANALLUR 2;HUL-413407D-P9616;GST39667;43405.0;6919.0;12.9860022;80.1924971;12.9860022;80.1924971;1521.179999999999
43406.0;VAN 4 (FELIX);PPA-NANGANALLUR 2;TN60006160288;GST39668;43405.0;997.0;12.98600333;80.18832833;12.98600333;80.18832833;292.012
43406.0;VAN 4 (FELIX);PPA-NANGANALLUR 2;HUL-410243D-NN0047;GST39669;43405.0;4751.0;12.984064;80.1885295;12.984064;80.1885295;1644.6679999999983
43406.0;VAN 4 (FELIX);PPA-NANGANALLUR 2;TN60001654859;GST39671;43405.0;2609.0;12.98774665;80.18528056;12.98774665;80.18528056;239.18599999999998
43406.0;van 2(MURUGAN);HUL- PALLAVARAM-2;HUL-410243D-P15045;GST39672;43405.0;2299.0;12.96760734;80.15046668;12.96760734;80.15046668;16.756000000000004
43406.0;VAN3 (RAJKUMAR);HUL- PALLAVARAM-2;HUL-410243D-P35005;GST39673;43405.0;950.0;12.9880666;80.1163242;12.9688912;80.1486003;4.82
43406.0;van 2(MURUGAN);HUL- PALLAVARAM-2;HUL-410243D-P50529;GST39675;43405.0;5224.0;12.97560156;80.14549233;12.97560156;80.14549233;42.111000000000004
43406.0;VAN3 (RAJKUMAR);HUL- PALLAVARAM-2;HUL-410243D-P19066;GST39676;43405.0;3661.0;12.99826999;80.09721333;12.9684142;80.1490163;48.502000000000024
43406.0;VAN3 (RAJKUMAR);HUL- PALLAVARAM-2;HUL-41A237D-P387848;GST39677;43405.0;676.0;12.965741;80.14885459999999;12.965741;80.14885459999999;25.732
43406.0;VAN 6 (BALA;HUL- PALLAVARAM-2;HUL-41A237D-P388081;GST39678;43405.0;7645.0;12.97631822;80.14489553;12.97631822;80.14489553;158.99500000000006
43406.0;van 2(MURUGAN);HUL- PALLAVARAM-2;HUL-41A237D-P39943;GST39680;43405.0;3416.0;12.97648905626631;80.14547988345407;12.9689395;80.1485715;51.77
43406.0;van 2(MURUGAN);HUL- PALLAVARAM-2;HUL-41A237D-P39948;GST39681;43405.0;2370.0;12.96498528727346;80.15627782154843;12.96741626;80.15084217;51.432999999999986
43406.0;VAN 4 (FELIX);PPA-MR-NANGANALLUR 2;HUL-410243D-NN0010;GST39682;43405.0;3307.0;12.9847325;80.18897;12.9847325;80.18897;69.744
43406.0;VAN 6 (BALA;HUL - ANAKAPUTHUR- 1;HUL-410243D-P48626;GST39709;43405.0;2862.0;12.98085748;80.12716377;12.98085748;80.12716377;15.483
43406.0;VAN 6 (BALA;HUL - ANAKAPUTHUR- 1;HUL-410243D-P48947;GST39710;43405.0;3172.0;12.98193487;80.1301817;12.98193487;80.1301817;31.165000000000003
43406.0;VAN 6 (BALA;HUL - ANAKAPUTHUR- 1;HUL-41A237D-P39429;GST39711;43405.0;3879.0;12.9884694420746;80.11909065473048;12.98603057;80.12532543;33.63000000000001
43406.0;van 2(MURUGAN);HUL - ANAKAPUTHUR- 1;HUL-41A237D-P39450;GST39712;43405.0;3311.0;12.98157915;80.13930889;12.98157915;80.13930889;37.97499999999999
43406.0;van 2(MURUGAN);HUL - ANAKAPUTHUR- 1;HUL-41A237D-P3965;GST39713;43405.0;1576.0;12.9891539;80.1418716;12.9891539;80.1418716;8.132000000000001
43406.0;VAN 4 (FELIX);PPA-NANGANALLUR 3;HUL-410243D-NN0017;GST39727;43405.0;4989.0;12.97527547419085;80.19013691997759;12.97370132;80.18332059;555.9040000000002
43406.0;VAN 4 (FELIX);HUL-LAKSHMIPURAM;HUL-41A237D-P3880277;GST39733;43405.0;2263.0;12.954424;80.1276949;12.954424;80.1276949;48.63200000000001
43406.0;VAN 4 (FELIX);HUL-LAKSHMIPURAM;HUL-41A237D-P3880282;GST39734;43405.0;3573.0;12.9597824;80.1317359;12.955435;80.126848;52.288
43406.0;VAN 4 (FELIX);HUL-LAKSHMIPURAM;HUL-41A237D-P3880292;GST39735;43405.0;835.0;12.9543445;80.1284292;12.955435;80.127746;5.829000000000001
43406.0;VAN 4 (FELIX);HUL-LAKSHMIPURAM;HUL-41A237D-P3880312;GST39737;43405.0;6846.0;12.9528288;80.1319753;12.95189944;80.13084657;82.42999999999999
43406.0;VAN 4 (FELIX);HUL-LAKSHMIPURAM;HUL-41A237D-P3880317;GST39738;43405.0;1403.0;12.9525009;80.1302906;12.951911;80.13952;15.581999999999997
43406.0;VAN 4 (FELIX);HUL-LAKSHMIPURAM;HUL-41A237D-P3880322;GST39739;43405.0;2469.0;12.957333;80.130633;12.955098;80.1327927;4.775999999999999
43406.0;VAN 4 (FELIX);HUL-LAKSHMIPURAM;HUL-41A237D-P3880327;GST39740;43405.0;1229.0;12.9577149;80.1299354;12.9525645;80.1325226;16.414
43406.0;VAN 4 (FELIX);HUL-LAKSHMIPURAM;HUL-41A237D-P3880337;GST39741;43405.0;2054.0;12.9573338;80.1374302;12.9561842;80.1386588;26.514
43407.0;van 2(MURUGAN);D-CHROMPET 1;HUL-410243D-CH0117;GST39748;43406.0;13140.0;12.94865747998638;80.16328932076567;12.94821252;80.15615468;248.83099999999988
43407.0;VAN3 (RAJKUMAR);D-CHROMPET 2;TN60004402949;GST39761;43406.0;29401.0;12.94805166;80.13733333;12.94805166;80.13733333;1215.3630000000003
43407.0;van 2(MURUGAN);D-CHROMPET 2;TN60004560199;GST39766;43406.0;11755.0;12.95033431227709;80.13585360615309;12.95095166;80.137485;177.7290000000001
43407.0;van 2(MURUGAN);D-MR-CHROMPET  1;HUL-410243D-P24324;GST39768;43406.0;3853.0;12.9492059;80.1372212;12.9573289;80.1481895;88.334
43407.0;van 2(MURUGAN);D-MR-CHROMPET  1;HUL-410243D-P27506;GST39769;43406.0;3034.0;12.94914827;80.14343667;12.94914827;80.14343667;62.088
43407.0;van 2(MURUGAN);D-MR-CHROMPET  1;HUL-410243D-CH0112;GST39771;43406.0;1139.0;12.95351838;80.15098318;12.95351838;80.15098318;18.402
43407.0;VAN 4 (FELIX);D-MR-CHROMPET  1;HUL-410243D-CH0115;GST39772;43406.0;731.0;12.94942422;80.14950413;12.94942422;80.14950413;17.575
43407.0;VAN 4 (FELIX);D-MR-CHROMPET  1;HUL-410243F-CH0042;GST39773;43406.0;2333.0;12.95220613;80.15253318;12.95220613;80.15253318;42.632
43407.0;VAN 4 (FELIX);D-MR-CHROMPET  1;HUL-41A237D-P387885;GST39774;43406.0;1266.0;12.94858;80.16379;12.9495152;80.1494999;69.68199999999995
43407.0;van 2(MURUGAN);D-MR-CHROMPET  1;HUL-41A237D-P39506;GST39776;43406.0;2257.0;12.9430717;80.1623721;12.9430717;80.1623721;55.23399999999999
43407.0;VAN 4 (FELIX);D-MR-CHROMPET  1;HUL-410243D-CH0040;GST39779;43406.0;2469.0;12.95040458;80.14550919;12.95040458;80.14550919;28.012
43407.0;VAN 6 (BALA;F-POZHICHALUR;HUL-410243D-P34114;GST39782;43406.0;1533.0;12.97368958181642;80.14254906099382;12.9770206;80.1415533;63.322
43407.0;VAN 6 (BALA;F-MR-ANAKAPUTHUR;HUL-410243D-AN0034;GST39791;43406.0;5465.0;12.9767716;80.12674679999999;12.97353495;80.12513287;261.80500000000006
43407.0;van 2(MURUGAN);F-MR-T MALAI;HUL-410243D-P21122;GST39799;43406.0;2512.0;12.95909559;80.13963375;12.95909559;80.13963375;35.91300000000001
43407.0;van 2(MURUGAN);F-MR-T MALAI;HUL-41A237D-P4111;GST39802;43406.0;2342.0;12.95506288;80.13227481;12.95506288;80.13227481;10.973000000000003
43407.0;VAN 4 (FELIX);HUL-CHROMPET-2;HUL-410243D-P49186;GST39816;43406.0;6004.0;12.95010056;80.12307092;12.95010056;80.12307092;29.802999999999997
43407.0;VAN 4 (FELIX);HUL-CHROMPET-2;HUL-41A237D-P387858;GST39819;43406.0;12970.0;12.9536006;80.1385933;12.9546942;80.1344821;102.94300000000004
43407.0;VAN 4 (FELIX);HUL-CHROMPET-2;HUL-41A237D-P387863;GST39820;43406.0;2101.0;12.92957;80.10342;12.94408473;80.13184831;11.386
43407.0;VAN 4 (FELIX);ST - CHROMPET 2;HUL-410243D-CH0024;GST39833;43406.0;3974.0;12.95907072828684;80.13288968317943;12.9509856;80.1458893;6.0889999999999995
43407.0;VAN 4 (FELIX);ST - CHROMPET 2;HUL-41A237D-P3995;GST39834;43406.0;8146.0;12.95246676196213;80.13825124703794;12.95438532;80.14053347;177.787
43407.0;VAN 4 (FELIX);PPB-NANGANALLUR 3;TN60004260301;GST39838;43406.0;10419.0;12.97537962314071;80.19013501997756;12.9773633;80.1830851;1286.673
43407.0;van 2(MURUGAN);PPB-NANGANALLUR 3;HUL-410243D-NN0081;GST39839;43406.0;5694.0;12.97546326226906;80.1900706469612;12.97619868;80.18325215;569.462
43407.0;van 2(MURUGAN);PPB-NANGANALLUR 3;HUL-410243D-P48442;GST39840;43406.0;2001.0;12.9760682;80.1831002;12.9760682;80.1831002;638.8430000000005
43407.0;van 2(MURUGAN);PPB-NANGANALLUR 3;HUL-410243D-NN0095;GST39841;43406.0;3198.0;12.97609055483497;80.18798925276565;12.97740748;80.18122438;100.97199999999998
43407.0;VAN 4 (FELIX);PPB-NANGANALLUR 3;HUL-410243D-P26221;GST39842;43406.0;3627.0;12.97520746576123;80.19002701653585;12.97098554;80.18561097;297.61600000000027
43407.0;van 2(MURUGAN);PPB-NANGANALLUR 3;HUL-410243D-NN0066;GST39843;43406.0;2728.0;12.97535871335422;80.1901779353218;12.97650223;80.18328658;224.39200000000008
43407.0;VAN 6 (BALA;PPB-MR-PALLAVARAM 2;HUL-410243D-P25178;GST39851;43406.0;1456.0;12.9661106;80.14188591;12.9661106;80.14188591;33.084999999999994
43407.0;VAN 6 (BALA;HUL - ANAKAPUTHUR- 2;HUL-41A237D-P3880271;GST39856;43406.0;4315.0;12.98862084;80.1274331;12.98862084;80.1274331;35.678
43407.0;van 2(MURUGAN);DF - CHROMPET - 1;HUL-41A237D-P4216;GST39864;43406.0;4623.0;12.96351667523234;80.12993244216364;12.95006616;80.15594038;28.078999999999997
43407.0;van 2(MURUGAN);DF - CHROMPET - 1;HUL-410243D-P29742;GST39865;43406.0;9562.0;12.94263;80.16361;12.94263;80.16361;81.28399999999999
43407.0;VAN 6 (BALA;PPB-ANAKAPUTHUR;HUL-410243D-P15129;GST39870;43406.0;4768.0;12.984298;80.12465383;12.984298;80.12465383;198.69899999999998
43408.0;TRUCK 1;HUL-NANGANALLUR;HUL-41A237D-P3875;GST39879;43407.0;1360.0;12.97623702440427;80.18495613873438;12.97623702440427;80.18495613873438;3.7750000000000004
43408.0;VAN 4 (FELIX);D-NANGANALLUR 3;HUL-410243D-P30274;GST39880;43407.0;6107.0;12.98338;80.18397499;12.98338;80.18397499;118.951
43408.0;VAN 4 (FELIX);D-MR-NANGANALLUR 1;HUL-410243D-NA0013;GST39887;43407.0;3689.0;12.96992007;80.1848358;12.96992007;80.1848358;72.89099999999998
43408.0;VAN 4 (FELIX);D-MR-NANGANALLUR 1;HUL-410243D-NN0036;GST39889;43407.0;2438.0;12.9847943;80.1923112;12.9847943;80.1923112;55.02499999999999
43408.0;VAN 4 (FELIX);D-MR-NANGANALLUR 1;HUL-414141D-P17378;GST39890;43407.0;1759.0;12.98427735;80.18418757;12.98427735;80.18418757;59.385999999999996
43408.0;VAN 4 (FELIX);D-MR-NANGANALLUR 1;HUL-41A237D-P3870;GST39891;43407.0;2615.0;12.98646499;80.183825;12.98646499;80.183825;59.010000000000005
43408.0;VAN 4 (FELIX);D-MR-NANGANALLUR 1;HUL-414141D-P18123;GST39893;43407.0;13271.0;12.97666239;80.18919018;12.97666239;80.18919018;156.70500000000013
43408.0;VAN 4 (FELIX);D-MR-NANGANALLUR 1;HUL-41A237D-P3990;GST39894;43407.0;452.0;12.98516779;80.18425273;12.98516779;80.18425273;32.74200000000001
43408.0;VAN 4 (FELIX);D-MR-NANGANALLUR 1;HUL-4135011292;GST39897;43407.0;4174.0;12.97797333;80.181145;12.97797333;80.181145;69.34599999999999
43408.0;VAN 4 (FELIX);D-MR-NANGANALLUR 1;HUL-414141D-P16989;GST39898;43407.0;3807.0;12.97425269;80.1815731;12.97425269;80.1815731;61.67799999999999
43408.0;VAN 6 (BALA;D-MR-CHROMPET 2;HUL-410243D-OP0033;GST39899;43407.0;4416.0;12.96585918641184;80.14457184716332;12.965875;80.155625;52.245999999999995
43408.0;VAN3 (RAJKUMAR);D-MR-CHROMPET 2;HUL-410243F-CH0043;GST39900;43407.0;1821.0;12.95455053;80.14477314;12.95455053;80.14477314;41.330999999999996
43408.0;VAN3 (RAJKUMAR);D-MR-CHROMPET 2;HUL-410243D-CH0030;GST39901;43407.0;4092.0;12.94911273718245;80.14635342497922;12.9527288;80.142237;156.82599999999996
43408.0;VAN3 (RAJKUMAR);D-MR-CHROMPET 2;HUL-410243D-CH0008;GST39902;43407.0;864.0;12.95175109;80.14197162;12.95175109;80.14197162;60.953
43408.0;VAN3 (RAJKUMAR);D-MR-CHROMPET 2;HUL-410243D-CH0129;GST39903;43407.0;1398.0;12.94964170448938;80.14764803808202;12.9503977;80.1528756;67.619
43408.0;VAN3 (RAJKUMAR);D-MR-CHROMPET 2;HUL-41A237D-P39923;GST39904;43407.0;4656.0;12.95795886405418;80.13181292831575;12.9550737;80.1464335;67.84599999999998
43408.0;VAN3 (RAJKUMAR);D-MR-CHROMPET 2;HUL-410243D-CH0036;GST39905;43407.0;5016.0;12.94765567;80.15656224;12.94765567;80.15656224;166.736
43408.0;VAN3 (RAJKUMAR);D-MR-CHROMPET 2;HUL-410243D-CH0013;GST39906;43407.0;3654.0;12.95234243;80.14354565;12.95234243;80.14354565;80.55099999999999
43408.0;VAN 6 (BALA;F-PALLAVARAM;HUL-410243D-P25656;GST39910;43407.0;7617.0;12.96968187967048;80.14852101997758;12.9688696;80.1466358;334.70699999999994
43408.0;TRUCK 1;F-PALLAVARAM;TN60004308223;GST39912;43407.0;73273.0;12.964999;80.1511782;12.964999;80.1511782;2360.066
43408.0;VAN 6 (BALA;F-MR-PALLAVARAM;HUL-410243D-P33252;GST39919;43407.0;2998.0;12.96564183;80.1568469;12.96564183;80.1568469;93.67199999999998
43408.0;VAN 6 (BALA;F-MR-PALLAVARAM;HUL-410243D-PV0071;GST39921;43407.0;8012.0;12.968445;80.14842166;12.968445;80.14842166;107.07900000000002
43408.0;VAN 6 (BALA;F-MR-PALLAVARAM;HUL-41A237D-P388083;GST39924;43407.0;1538.0;12.9695134;80.1456992;12.9695134;80.1456992;48.197
43408.0;VAN 6 (BALA;F-MR-PALLAVARAM;HUL-410243D-PV0010;GST39927;43407.0;3804.0;12.96945342;80.1473659;12.96945342;80.1473659;92.09099999999998
43408.0;VAN3 (RAJKUMAR);F-MR-CHROMPET 1;HUL-41A237D-P3985;GST39941;43407.0;2950.0;12.9879704;80.1163109;12.9523426;80.1443909;39.595
43408.0;VAN 4 (FELIX);PPB-NANGANALLUR  2;HUL-414141D-P15870;GST39952;43407.0;907.0;12.98650166;80.18859166;12.98650166;80.18859166;223.52500000000006
43408.0;VAN 4 (FELIX);PPB-NANGANALLUR  2;TN60006162030;GST39954;43407.0;5486.0;12.98566358;80.18840107;12.98566358;80.18840107;287.07300000000004
43408.0;VAN 6 (BALA;HUL-PALLAVARAM-1;HUL-410243D-P21134;GST39957;43407.0;741.0;12.96830254;80.14596675;12.96830254;80.14596675;9.089
43408.0;VAN 6 (BALA;HUL-PALLAVARAM-1;HUL-410243D-P26333;GST39959;43407.0;1599.0;12.96968515;80.14182888;12.96968515;80.14182888;5.95
43408.0;VAN 6 (BALA;HUL-PALLAVARAM-1;HUL-410243D-P50499;GST39962;43407.0;2294.0;12.96537907180949;80.14759463254552;12.96741676;80.14489294;19.786
43408.0;VAN 6 (BALA;HUL-PALLAVARAM-1;HUL-410243D-P15947;GST39963;43407.0;2235.0;12.96971697;80.14280647;12.96971697;80.14280647;7.2780000000000005
43408.0;VAN 6 (BALA;HUL-PALLAVARAM-1;HUL-41A237D-P387654;GST39964;43407.0;2973.0;12.966712;80.14463099999999;12.966712;80.14463099999999;29.649
43408.0;VAN 6 (BALA;HUL-PALLAVARAM-1;HUL-41A237D-P39523;GST39965;43407.0;1177.0;12.96221451301058;80.16036551005163;12.9672833;80.14503795;8.353
43408.0;VAN 4 (FELIX);PPB-MR-NANGANALLUR 2;HUL-41A237D-P39418;GST39970;43407.0;1664.0;12.9751615;80.1811676;12.9750175;80.1799807;85.29900000000002
43408.0;VAN 6 (BALA;PPB-PAMMAL;HUL-410243D-PM0041;GST39974;43407.0;1485.0;12.96774627269254;80.13135878372941;12.974379;80.1337076;151.24299999999997
43408.0;VAN 6 (BALA;PPB-PAMMAL;HUL-410243D-P2315;GST39976;43407.0;2957.0;12.97083010108501;80.13090805271793;12.9713732;80.1321158;203.01300000000006
43408.0;VAN 6 (BALA;PPB-PAMMAL;HUL-410243D-PM0018;GST39977;43407.0;4617.0;12.97261060399991;80.13367539748674;12.97457333;80.13371333;404.0020000000001
43408.0;VAN 6 (BALA;HUL-PALLAVARAM - 3;HUL-41A237D-P3880383;GST39980;43407.0;3093.0;12.9693761;80.1363885;12.967897;80.140007;14.254000000000001
43408.0;VAN3 (RAJKUMAR);HUL-PALLAVARAM - 3;HUL-41A237D-P3880388;GST39981;43407.0;1832.0;12.9678717;80.1398541;12.9678717;80.1398541;5.333
43408.0;VAN3 (RAJKUMAR);HUL-PALLAVARAM - 3;HUL-41A237D-P3880393;GST39982;43407.0;867.0;12.9674126;80.1402797;12.9674126;80.1402797;27.112000000000005
43408.0;VAN3 (RAJKUMAR);HUL-PALLAVARAM - 3;HUL-41A237D-P3880398;GST39983;43407.0;1395.0;9.462155;77.23684740000002;12.9661763;80.1410083;17.291999999999998
43408.0;VAN 6 (BALA;HUL-PALLAVARAM - 3;HUL-41A237D-P3880403;GST39984;43407.0;1088.0;13.0618832;80.2229842;12.976893;80.134307;0.0
43408.0;VAN 6 (BALA;HUL-PALLAVARAM - 3;HUL-41A237D-P3880423;GST39985;43407.0;2344.0;23.21564;72.63694;12.96174882;80.14964079;31.639
43408.0;VAN 6 (BALA;HUL-PALLAVARAM - 3;HUL-41A237D-P3880428;GST39986;43407.0;1309.0;23.21564;72.63694;12.96203465;80.14940643;49.077999999999996
43408.0;VAN 6 (BALA;HUL-PALLAVARAM - 3;HUL-41A237D-P3880433;GST39987;43407.0;909.0;12.9809743;80.20456159999999;12.96168;80.148373;9.764
43408.0;VAN 4 (FELIX);DF - NANGANALLUR 2;HUL-410243D-NG0041;GST39990;43407.0;326.0;12.98661064;80.19488951;12.98661064;80.19488951;41.641
43408.0;VAN 4 (FELIX);DF - NANGANALLUR 2;HUL-410243D-NN0080;GST39991;43407.0;806.0;12.98057788535701;80.191495981265;12.9778468;80.183269;4.944
43408.0;VAN 4 (FELIX);DF - NANGANALLUR 2;HUL-410243D-P26909;GST39996;43407.0;5892.0;12.976373;80.1914456;12.976373;80.1914456;64.01599999999999
43408.0;VAN 4 (FELIX);DF - NANGANALLUR 2;HUL-410243D-P20204;GST39997;43407.0;1114.0;12.97533292453005;80.19013430489645;12.9838573;80.1840737;4.4399999999999995
43408.0;VAN 4 (FELIX);DF - NANGANALLUR 2;TN60006180618;GST40000;43407.0;3562.0;12.98774293066486;80.18558325463403;12.98774293066486;80.18558325463403;56.55200000000001
43408.0;VAN 4 (FELIX);PPB-NANGANALLUR 1;TN60006160298;GST40006;43407.0;3697.0;12.98646468619746;80.18476981127344;12.97678832;80.18760437;286.08799999999997
43408.0;VAN 4 (FELIX);PPB-NANGANALLUR 1;HUL-410243D-NN0072;GST40007;43407.0;1671.0;12.9811907;80.1862802;12.9811907;80.1862802;362.84000000000015
43408.0;VAN 4 (FELIX);PPB-NANGANALLUR 1;HUL-410243D-VL0114;GST40009;43407.0;2269.0;12.9775592;80.1898257;12.9775592;80.1898257;184.399
43408.0;VAN3 (RAJKUMAR);HUL - T MALAI;HUL-41A237D-P387671;GST40012;43407.0;3124.0;12.96376563;80.08019244;12.96376563;80.08019244;52.30199999999999
43408.0;VAN3 (RAJKUMAR);HUL - T MALAI;HUL-41A237D-P387952;GST40015;43407.0;3717.0;12.9881147;80.26221489999999;12.9660258;80.08318767;54.627
43408.0;VAN 4 (FELIX);HUL-NANGANALLUR 3;HUL-41A237D-P3880635;GST40016;43407.0;1683.0;12.9899259;80.1859848;12.9899259;80.1859848;9.983
43408.0;VAN3 (RAJKUMAR);HUL - T MALAI;HUL-41A237D-P39876;GST40017;43407.0;3558.0;12.97608522444175;80.08904889250493;12.96700692;80.08479489;20.398999999999997
43408.0;VAN3 (RAJKUMAR);HUL - T MALAI;HUL-41A237D-P39896;GST40019;43407.0;1826.0;12.97355509437671;80.08904031022189;12.96135875;80.13749065;8.459999999999997
43410.0;VAN 4 (FELIX);D-PAMMAL;TN60004308226;GST40033;43409.0;40389.0;12.969575;80.146185;12.969575;80.146185;816.3319999999999
43410.0;VAN3 (RAJKUMAR);D-PAMMAL;HUL-410243D-AD0305;GST40038;43409.0;377.0;13.0627021;80.2639011;12.9739723;80.13371752;52.767999999999994
43410.0;VAN 6 (BALA;D-MR-ANAKAPUTHUR;HUL-41A237D-P387555;GST40040;43409.0;9600.0;12.96746148910941;80.08550715725846;12.96659236;80.08284052;91.11599999999997
43410.0;VAN 6 (BALA;D-MR-ANAKAPUTHUR;HUL-41A237D-P39538;GST40041;43409.0;9639.0;12.9731449;80.1251099;12.9731449;80.1251099;158.61799999999997
43410.0;VAN 6 (BALA;D-MR-POZHICHALUR;HUL-410243D-P19375;GST40047;43409.0;7982.0;12.99409333;80.14374833;12.99409333;80.14374833;74.79100000000003
43410.0;VAN 6 (BALA;D-MR-POZHICHALUR;HUL-410243D-P26064;GST40049;43409.0;3119.0;12.98685736;80.1372796;12.9841254;80.14041301;82.75799999999997
43410.0;VAN 4 (FELIX);D-MR-POZHICHALUR;HUL-410243D-PL0005;GST40051;43409.0;7704.0;12.97657488;80.14305301;12.97657488;80.14305301;124.18699999999998
43410.0;VAN 6 (BALA;D-MR-POZHICHALUR;HUL-410243D-PL0004;GST40052;43409.0;365.0;12.9780783;80.14503044;12.9780783;80.14503044;37.080999999999996
43410.0;VAN3 (RAJKUMAR);D-MR-POZHICHALUR;HUL-41A237D-P4041;GST40054;43409.0;2727.0;12.98467758;80.13901735;12.98467758;80.13901735;50.260000000000005
43410.0;VAN3 (RAJKUMAR);D-MR-POZHICHALUR;HUL-410243D-P14039;GST40055;43409.0;4720.0;12.97279561;80.13866652;12.97279561;80.13866652;81.59500000000001
43410.0;van 2(MURUGAN);PPB-MR-T MALAI;HUL-410243D-P21011;GST40056;43409.0;754.0;12.95911734;80.13967629;12.95911734;80.13967629;5.76
43410.0;van 2(MURUGAN);PPB-MR-T MALAI;HUL-410243D-P25636;GST40057;43409.0;1239.0;12.95504903;80.13212215;12.95504903;80.13212215;18.386
43410.0;VAN 6 (BALA;PPB-MR-T MALAI;HUL-410243D-P32452;GST40058;43409.0;1347.0;12.96757044;80.08642089;12.96757044;80.08642089;109.58699999999996
43410.0;VAN 6 (BALA;PPB-MR-T MALAI;HUL-41A237D-P387629;GST40062;43409.0;746.0;12.96944785;80.08685538;12.96944785;80.08685538;39.61499999999997
43410.0;van 2(MURUGAN);PPB-MR-T MALAI;HUL-410243D-P49676;GST40066;43409.0;6613.0;12.9537855;80.1337536;12.9537855;80.1337536;349.7610000000001
43410.0;VAN 4 (FELIX);F-NANGANALLUR 1;HUL-410243D-BT0022;GST40067;43409.0;5548.0;12.98637333;80.17395333;12.98637333;80.17395333;93.23099999999998
43410.0;VAN 4 (FELIX);F-NANGANALLUR 1;HUL-410243D-NN0102;GST40071;43409.0;4799.0;12.98908;80.18517166;12.98908;80.18517166;292.1620000000001
43410.0;VAN 4 (FELIX);F-NANGANALLUR 1;HUL-410243F-NN8;GST40073;43409.0;3968.0;12.97518695596055;80.19017912024071;12.976465;80.18570666;125.21099999999996
43410.0;VAN 4 (FELIX);F-MR-NANGANALLUR 1;HUL-410243D-P26377;GST40084;43409.0;5383.0;12.97314333;80.18219666;12.97314333;80.18219666;18.252000000000002
43410.0;VAN 4 (FELIX);F-MR-PAMMAL(PALL);HUL-410243D-P16757;GST40092;43409.0;15384.0;12.9676784;80.1440889;12.9676784;80.1440889;389.9489999999997
43410.0;van 2(MURUGAN);PPB-CHROMPET 2;HUL-410243D-NG0055;GST40099;43409.0;2899.0;12.95628813810491;80.13271883027187;12.95628813810491;80.13271883027187;248.9900000000001
43410.0;VAN 6 (BALA;HUL-PAMMAL;HUL-410243D-P26497;GST40104;43409.0;1866.0;12.98304181;80.13981688;12.98304181;80.13981688;5.892999999999999
43410.0;VAN 6 (BALA;HUL-PAMMAL;HUL-410243D-P30259;GST40105;43409.0;3258.0;12.9912419;80.1457872;12.9912419;80.1457872;38.033
43410.0;VAN3 (RAJKUMAR);HUL-PAMMAL;HUL-410243D-P50464;GST40106;43409.0;1148.0;12.972003;80.1285957;12.972003;80.1285957;16.509999999999998
43410.0;VAN3 (RAJKUMAR);HUL-PAMMAL;HUL-410243D-P15941;GST40110;43409.0;3716.0;12.9742874;80.1354925;12.9748851;80.1330783;5.581999999999999
43410.0;VAN3 (RAJKUMAR);HUL-PAMMAL;HUL-41A237D-P387523;GST40111;43409.0;1754.0;12.97196528149833;80.1331963712189;12.9709096;80.1286614;7.893999999999999
43410.0;VAN 6 (BALA;HUL-PAMMAL;HUL-41A237D-P387994;GST40113;43409.0;4661.0;12.9835897;80.1390222;12.9917818;80.1417646;41.97700000000001
43410.0;van 2(MURUGAN);U - MR - CHROMPET - 1;HUL-410243D-P11061;GST40120;43409.0;322.0;12.9451941;80.1454515;12.9451941;80.1454515;11.966000000000001
43410.0;van 2(MURUGAN);U - MR - CHROMPET - 1;HUL-41A237D-P40094;GST40122;43409.0;1772.0;12.94787404353354;80.155885178767;12.95007833;80.15812166;110.92100000000009
43410.0;VAN 6 (BALA;PPB-POZHICHALUR;HUL-410243D-PL0023;GST40129;43409.0;1054.0;12.9844167;80.1407019;12.9844167;80.1407019;122.078
43410.0;VAN 6 (BALA;HUL - PAMMAL - 2;HUL-41A237D-P387837;GST40134;43409.0;838.0;13.001582;80.131053;12.98941396;80.14672565;10.384
43410.0;VAN 6 (BALA;HUL-POZHICHALUR;HUL-41A237D-P3880469;GST40135;43409.0;551.0;12.989348;80.1526457;12.99064032;80.1495625;4.721
43410.0;VAN 6 (BALA;HUL-POZHICHALUR;HUL-41A237D-P3880479;GST40136;43409.0;3805.0;12.9871975;80.1505339;12.98960033;80.15043979;54.31899999999999
43410.0;VAN 6 (BALA;HUL - PAMMAL - 2;HUL-41A237D-P39607;GST40138;43409.0;2861.0;12.98626084;80.14193968;12.98626084;80.14193968;25.247000000000003
43410.0;VAN3 (RAJKUMAR);HUL - PAMMAL - 2;HUL-41A237D-P4086;GST40141;43409.0;2737.0;12.98036568;80.14405742;12.98036568;80.14405742;15.742
43410.0;VAN3 (RAJKUMAR);DF - POZHICHALUR;HUL-410243D-P30299;GST40144;43409.0;1468.0;12.97713803;80.141201;12.97713803;80.141201;8.58
43410.0;VAN 6 (BALA;DF - POZHICHALUR;HUL-41A237D-P388051;GST40150;43409.0;5089.0;12.9881424;80.13797360000001;12.974331;80.138896;35.165
43410.0;VAN 6 (BALA;DF - POZHICHALUR;HUL-41A237D-P39554;GST40151;43409.0;986.0;12.99101376001252;80.14412366661622;12.9892665;80.142043;8.399999999999999
43410.0;VAN 4 (FELIX);F-NANGANALLUR 1;HUL-410243D-NN0007;GST40166;43409.0;6382.0;12.98969833;80.18502166;12.98969833;80.18502166;28.444
43412.0;van 2(MURUGAN);HUL-CHROMPET-1;HUL-410243D-P29662;GST40170;43411.0;9455.0;12.9537407;80.1510136;12.9537407;80.1510136;120.99900000000004
43412.0;van 2(MURUGAN);HUL-CHROMPET-1;HUL-410243D-P30664;GST40171;43411.0;2791.0;12.9471994;80.1566826;12.9471994;80.1566826;44.78500000000002
43412.0;van 2(MURUGAN);HUL-CHROMPET-1;HUL-410243D-P48734;GST40172;43411.0;3695.0;12.9490898;80.1374991;12.94906541;80.15451954;53.103
43412.0;van 2(MURUGAN);HUL-CHROMPET-1;HUL-410243D-CH0012;GST40173;43411.0;2915.0;12.9524353;80.1438367;12.9524353;80.1438367;13.754000000000001
43412.0;van 2(MURUGAN);HUL-CHROMPET-1;HUL-41A237D-P4071;GST40176;43411.0;1211.0;12.95086222813487;80.13764010610294;12.95264594;80.14286448;13.925000000000002
43412.0;van 2(MURUGAN);HUL-CHROMPET-1;HUL-410243D-P14454;GST40177;43411.0;1195.0;12.94032152;80.15036135;12.94032152;80.15036135;21.379999999999995
43412.0;VAN 4 (FELIX);HUL-NANGANALLUR 4;HUL-41A237D-P387682;GST40178;43411.0;3291.0;12.97536;80.19012;12.9803315065072;80.1917938508187;17.464000000000002
43412.0;VAN 4 (FELIX);HUL-NANGANALLUR;HUL-41A237D-P387710;GST40179;43411.0;1777.0;13.095711;80.2814794;12.9884999;80.185298;14.719999999999997
43412.0;VAN 4 (FELIX);HUL-NANGANALLUR;HUL-41A237D-P387834;GST40180;43411.0;3914.0;12.96489;80.19064;12.9764339;80.1867655;87.67500000000004
43412.0;VAN 4 (FELIX);HUL-NANGANALLUR;HUL-41A237D-P39835;GST40181;43411.0;955.0;12.98728006;80.18442457;12.98728006;80.18442457;17.013
43412.0;VAN 4 (FELIX);HUL-NANGANALLUR 4;HUL-41A237D-P39855;GST40182;43411.0;1608.0;12.98751776954521;80.18283456631889;12.98893389;80.18522038;19.108999999999998
43412.0;VAN 4 (FELIX);HUL-NANGANALLUR 4;HUL-41A237D-P39938;GST40183;43411.0;3139.0;12.98616861043846;80.18902868209534;12.9783405;80.1831038;4.536999999999999
43412.0;VAN 4 (FELIX);HUL-NANGANALLUR 2;HUL-41A237D-P3880660;GST40185;43411.0;1129.0;12.986387;80.188163;12.986387;80.188163;15.280000000000001
43412.0;VAN 4 (FELIX);HUL-NANGANALLUR 2;HUL-41A237D-P388097;GST40186;43411.0;2444.0;12.98805544;80.18350494;12.98805544;80.18350494;23.342000000000002
43412.0;VAN 4 (FELIX);HUL-NANGANALLUR 2;HUL-41A237D-P388102;GST40187;43411.0;8763.0;12.9891791;80.1867114;12.9891791;80.1867114;84.009
43412.0;VAN 4 (FELIX);HUL-NANGANALLUR 2;HUL-41A237D-P4156;GST40188;43411.0;855.0;12.97760342;80.19330098;12.97760342;80.19330098;9.492
43412.0;VAN 4 (FELIX);DF -  NANGANALUR 1;HUL-410243D-NG0036;GST40190;43411.0;1153.0;12.97737499;80.187485;12.97737499;80.187485;5.444999999999999
43412.0;VAN 4 (FELIX);DF -  NANGANALUR 1;HUL-410243D-NN0119;GST40192;43411.0;704.0;12.977837;80.1885326;12.977837;80.1885326;3.1799999999999997
43412.0;VAN 4 (FELIX);DF -  NANGANALUR 1;HUL-410243D-P20906;GST40193;43411.0;7603.0;12.98637169;80.18171649;12.98637169;80.18171649;49.441999999999986
43412.0;VAN 4 (FELIX);DF -  NANGANALUR 1;HUL-41A237D-P387700;GST40195;43411.0;422.0;12.9773959;80.1856054;12.97603333;80.18321333;9.3
43412.0;van 2(MURUGAN);ST - PALLAVARAM;HUL-410243D-P14691;GST40214;43411.0;754.0;12.96631166;80.15476833;12.96631166;80.15476833;56.49699999999999
43412.0;van 2(MURUGAN);ST - PALLAVARAM;HUL-41A237D-P3880585;GST40217;43411.0;14199.0;13.0369641;80.2299725;12.972567;80.13763;15.089000000000002
43413.0;VAN 4 (FELIX);D-NANGANALLUR 2;HUL-410243D-NN0058;GST40232;43412.0;2505.0;12.988537;80.1904119;12.988537;80.1904119;71.773
43413.0;VAN3 (RAJKUMAR);D-NANGANALLUR 2;HUL-410243D-NN0024;GST40238;43412.0;13837.0;12.9840701;80.18852;12.9840701;80.18852;247.19400000000002
43413.0;VAN3 (RAJKUMAR);D-NANGANALLUR 2;HUL-413954P405;GST40242;43412.0;32707.0;12.9838592;80.1921173;12.9838592;80.1921173;435.8720000000004
43413.0;VAN3 (RAJKUMAR);D-NANGANALLUR 2;HUL-413768D-P15216;GST40245;43412.0;5086.0;12.98975166;80.19346999;12.98975166;80.19346999;238.70599999999996
43413.0;VAN 4 (FELIX);D-NANGANALLUR 2;HUL-410243D-NN0096;GST40249;43412.0;30138.0;12.98651618;80.18803568;12.98651618;80.18803568;743.2060000000004
43413.0;VAN 6 (BALA;D-MR-PALLAVARAM;HUL-410243D-P31451;GST40250;43412.0;1927.0;12.96157823;80.14809531;12.96157823;80.14809531;54.509
43413.0;VAN 6 (BALA;D-MR-PALLAVARAM;HUL-410243D-PV0024;GST40254;43412.0;1605.0;12.96924048;80.14704985;12.96924048;80.14704985;40.20799999999999
43413.0;VAN3 (RAJKUMAR);D-NANGANALLUR 1;HUL-410243D-NN0013;GST40256;43412.0;3511.0;12.9830114;80.1884525;12.9830114;80.1884525;60.22700000000001
43413.0;VAN 4 (FELIX);D-NANGANALLUR 1;TN60006180619;GST40257;43412.0;2372.0;12.986528;80.1871803;12.9862836;80.1858313;26.116
43413.0;VAN3 (RAJKUMAR);D-NANGANALLUR 1;HUL-410243F-NN44;GST40258;43412.0;8442.0;12.98071854;80.18886517;12.98071854;80.18886517;110.67800000000003
43413.0;VAN 6 (BALA;D-MR-PAMMAL(PALL);HUL-410243D-OP0023;GST40272;43412.0;939.0;12.967633;80.150424;12.967633;80.150424;9.668000000000001
43413.0;Bike kartigh;D-MR-PAMMAL(PALL);HUL-410243D-PM0015;GST40273;43412.0;5370.0;12.9725193;80.13721944;12.9725193;80.13721944;64.98499999999999
43413.0;Bike kartigh;D-MR-PAMMAL(PALL);HUL-410243D-AN0022;GST40274;43412.0;3737.0;13.0627021;80.2639011;12.9690601;80.1279859;61.81300000000001
43413.0;Bike kartigh;D-MR-PAMMAL(PALL);HUL-410243D-P49239;GST40275;43412.0;4134.0;12.97332499;80.13010333;12.97332499;80.13010333;54.29900000000001
43413.0;van 2(MURUGAN);D-MR-PAMMAL(PALL);HUL-41A237D-P39402;GST40277;43412.0;5428.0;12.98437634;80.12439988;12.98437634;80.12439988;44.519999999999996
43413.0;VAN 6 (BALA;F-CHROMPET 2;HUL-410243D-NG0013;GST40292;43412.0;17298.0;12.95886788757393;80.13397740130154;12.9546263;80.1339533;70.02
43413.0;Bike kartigh;F-PAMMAL;TN60004302992;GST40296;43412.0;39850.0;12.97104;80.1465015;12.97104;80.1465015;2021.7130000000002
43413.0;VAN 6 (BALA;F-CHROMPET 2;HUL-410243D-NG0009;GST40297;43412.0;3845.0;12.95376679725566;80.1298639659492;12.95528219;80.13481277;108.493
43413.0;VAN 6 (BALA;F-CHROMPET 2;TN60004450149;GST40304;43412.0;9421.0;12.95330697;80.14132419;12.95330697;80.14132419;1121.9769999999996
43413.0;van 2(MURUGAN);F-ANAKAPUTHUR;HUL-410243P5168;GST40313;43412.0;4362.0;12.98065365;80.12880813;12.98065365;80.12880813;141.62400000000002
43413.0;van 2(MURUGAN);F-ANAKAPUTHUR;HUL-410243D-AN0002;GST40317;43412.0;16606.0;13.0627021;80.2639011;12.98385243;80.1249933;772.6090000000005
43413.0;van 2(MURUGAN);F-ANAKAPUTHUR;HUL-41A237D-P40088;GST40321;43412.0;4576.0;12.99091449183473;80.11620292762962;12.9817191;80.129274;20.529999999999998
43413.0;van 2(MURUGAN);F-ANAKAPUTHUR;HUL-410243D-AN0040;GST40325;43412.0;4323.0;12.98078441;80.12844774;12.98078441;80.12844774;332.555
43413.0;van 2(MURUGAN);F-ANAKAPUTHUR;HUL-410243D-ANND1;GST40326;43412.0;5659.0;12.9849764;80.12317246;12.9849764;80.12317246;80.18600000000004
43413.0;van 2(MURUGAN);F-ANAKAPUTHUR;TN60007054866;GST40330;43412.0;12382.0;12.99341333;80.09688666;12.9830214;80.1284212;1834.8020000000001
43413.0;van 2(MURUGAN);F-MR-CHROMPET 2;HUL-410243D-P49271;GST40331;43412.0;4485.0;12.95262961;80.14296057;12.95262961;80.14296057;89.72200000000008
43413.0;Bike kartigh;F-MR-POZHICHALUR;HUL-410243D-P28861;GST40333;43412.0;8365.0;12.98636056;80.14336305;12.98636056;80.14336305;179.159
43413.0;van 2(MURUGAN);F-MR-CHROMPET 2;HUL-410243D-P33737;GST40334;43412.0;2847.0;12.95108051;80.14589321;12.95108051;80.14589321;51.75799999999997
43413.0;Bike kartigh;F-MR-POZHICHALUR;HUL-410243D-P46682;GST40335;43412.0;3338.0;12.97061088;80.1422326;12.97061088;80.1422326;85.26699999999998
43413.0;VAN 6 (BALA;F-MR-POZHICHALUR;HUL-410243D-PL0036;GST40336;43412.0;2427.0;12.97658061;80.1436332;12.97658061;80.1436332;7.848000000000001
43413.0;Bike kartigh;F-MR-POZHICHALUR;HUL-410243D-PL0103;GST40340;43412.0;1880.0;12.9892589;80.1420007;12.9892589;80.1420007;353.2
43413.0;van 2(MURUGAN);F-MR-CHROMPET 2;HUL-410243D-P50391;GST40343;43412.0;7123.0;12.94746819;80.1566045;12.94746819;80.1566045;33.528
43413.0;Bike kartigh;F-MR-POZHICHALUR;HUL-41A237D-P39988;GST40348;43412.0;9318.0;12.97043888141613;80.13262559635473;12.99192129;80.14017755;161.47800000000015
43413.0;van 2(MURUGAN);F-MR-CHROMPET 2;HUL-41A237D-P4015;GST40349;43412.0;13833.0;12.9489896;80.1545891;12.9489896;80.1545891;327.9710000000003
43413.0;VAN 6 (BALA;HUL- PALLAVARAM-2;HUL-410243D-PL0065;GST40378;43412.0;3941.0;12.9771686;80.1475248;12.9771686;80.1475248;53.373999999999974
43413.0;VAN 6 (BALA;HUL- PALLAVARAM-2;HUL-41A237D-P387644;GST40379;43412.0;1110.0;12.96735;80.15269;12.9751581;80.1464207;20.686000000000003
43413.0;VAN 6 (BALA;HUL- PALLAVARAM-2;HUL-41A237D-P387926;GST40380;43412.0;5392.0;12.9631147;80.1656519;12.955149;80.156852;27.816000000000003
43413.0;Bike kartigh;PPA-POZHICHALUR;HUL-410243D-PL0013;GST40391;43412.0;2507.0;12.98239946;80.1433153;12.98239946;80.1433153;232.45000000000007
43413.0;Bike kartigh;PPA-MR-PAMMAL;HUL-410243D-PL0067;GST40398;43412.0;3057.0;12.98981166;80.14321666;12.98981166;80.14321666;278.6550000000003
43413.0;Bike kartigh;PPA-MR-PAMMAL;HUL-41A237D-P387566;GST40405;43412.0;3249.0;16.2055321;74.4349761;12.985414;80.1416243;4.016
43413.0;VAN 6 (BALA;PPA-MR-PALLAVARAM;HUL-41A237D-P39829;GST40408;43412.0;7162.0;12.9690088;80.148481;12.9690088;80.148481;4.778999999999999
43413.0;VAN 6 (BALA;DF - PALLAVARAM;HUL-410243D-P50626;GST40419;43412.0;3040.0;12.96772;80.14412166;12.96772;80.14412166;20.355000000000004
43413.0;van 2(MURUGAN);HUL-LAKSHMIPURAM;HUL-41A237D-P3880272;GST40442;43412.0;1296.0;12.9543445;80.1284292;12.955406;80.129064;23.601999999999993
43413.0;van 2(MURUGAN);HUL-LAKSHMIPURAM;HUL-41A237D-P3880307;GST40446;43412.0;1954.0;12.957333;80.130633;12.95128918;80.13070228;66.501
43413.0;VAN 6 (BALA;HUL-LAKSHMIPURAM;HUL-41A237D-P3880564;GST40449;43412.0;1971.0;12.9638737;80.13509909999999;12.957125;80.134536;10.020999999999999
43414.0;VAN 4 (FELIX);D-CHROMPET 1;TN60004460197;GST40459;43413.0;5655.0;12.949878;80.1490709;12.9520416;80.1452423;124.89399999999996
43414.0;VAN 4 (FELIX);D-NANGANALLUR 3;TN60011350154;GST40472;43413.0;37266.0;12.97742833;80.18314333;12.97742833;80.18314333;3906.8929999999987
43414.0;van 2(MURUGAN);F-POZHICHALUR;HUL-410243D-AN0019;GST40478;43413.0;2861.0;13.0627021;80.2639011;12.97792032;80.13366319;117.12799999999996
43414.0;VAN1 (MUTHU);F-POZHICHALUR;HUL-410243D-AN0030;GST40482;43413.0;2366.0;12.9767716;80.12674679999999;12.97331885;80.12943176;87.532
43414.0;VAN3 (RAJKUMAR);D-CHROMPET 2;HUL-410243D-NG0014;GST40493;43413.0;14817.0;12.95626069190425;80.13284757630458;12.95626069190425;80.13284757630458;372.2030000000002
43414.0;VAN3 (RAJKUMAR);D-MR-CHROMPET  1;HUL-410243P5224;GST40503;43413.0;1837.0;12.9479658;80.146639;12.9479658;80.146639;17.379
43414.0;VAN 4 (FELIX);D-MR-CHROMPET  1;HUL-410243D-PV0044;GST40504;43413.0;3301.0;12.95453573;80.15127918;12.95453573;80.15127918;35.119
43414.0;VAN3 (RAJKUMAR);D-MR-CHROMPET  1;HUL-410243D-P30319;GST40510;43413.0;3214.0;12.94350381;80.16038306;12.94350381;80.16038306;71.76899999999999
43414.0;VAN1 (MUTHU);HUL-PAMMAL 3;HUL-41A237D-P3880362;GST40513;43413.0;1242.0;26.34637;92.68404;12.972795;80.132903;0.0
43414.0;van 2(MURUGAN);HUL-PAMMAL 3;HUL-41A237D-P3880382;GST40516;43413.0;2935.0;12.9804395;80.1321088;12.9801593;80.1335325;33.85
43414.0;VAN3 (RAJKUMAR);F-MR-T MALAI;HUL-410243D-P18862;GST40524;43413.0;817.0;12.96160997;80.11528056;12.96160997;80.11528056;3.837
43414.0;VAN3 (RAJKUMAR);HUL-CHROMPET-2;HUL-410243D-P49009;GST40548;43413.0;5013.0;12.96162193;80.12729248;12.96162193;80.12729248;27.228000000000005
43414.0;VAN3 (RAJKUMAR);ST - CHROMPET 2;HUL-410243D-NG0031;GST40555;43413.0;3021.0;12.95777999;80.13070833;12.95777999;80.13070833;29.190999999999992
43414.0;van 2(MURUGAN);HUL - ANAKAPUTHUR- 2;HUL-41A237D-P3880256;GST40587;43413.0;3780.0;12.98500367;80.12361698;12.98500367;80.12361698;20.844000000000005
43414.0;van 2(MURUGAN);HUL - ANAKAPUTHUR- 2;HUL-41A237D-P3880524;GST40589;43413.0;1676.0;12.970672;80.1205564;12.98873402;80.12859142;17.008999999999997
43414.0;van 2(MURUGAN);HUL - ANAKAPUTHUR- 2;HUL-41A237D-P3880534;GST40591;43413.0;2796.0;13.0362993;80.1988748;12.986374;80.129064;15.372000000000002
43414.0;van 2(MURUGAN);HUL - ANAKAPUTHUR- 2;HUL-41A237D-P3880666;GST40592;43413.0;890.0;12.9836199;80.1287759;12.9836199;80.1287759;5.4479999999999995
43414.0;VAN3 (RAJKUMAR);DF - CHROMPET - 1;HUL-410243D-P47488;GST40594;43413.0;3409.0;12.96356333;80.13698833;12.96102;80.142605;17.317
43414.0;VAN3 (RAJKUMAR);DF - CHROMPET - 1;HUL-410243D-NG0028;GST40597;43413.0;4228.0;12.9502384;80.14538422;12.9502384;80.14538422;29.288
43414.0;VAN1 (MUTHU);HUL - KAMARAJAPURAM;HUL-41A237D-P39994;GST40618;43413.0;3010.0;12.94819552293405;80.13648682792132;12.96858078;80.12026655;45.282
43414.0;van 2(MURUGAN);HUL - KAMARAJAPURAM;HUL-41A237D-P40049;GST40621;43413.0;1707.0;12.94757881891736;80.13791805032974;12.9703951;80.12057515;7.566000000000001
43415.0;VAN 4 (FELIX);D-MR-NANGANALLUR 1;HUL-41A237D-P40066;GST40657;43414.0;4165.0;12.98354253962802;80.18800068302039;12.9755843;80.1811679;47.45199999999998
43415.0;VAN 6 (BALA;D-MR-CHROMPET 2;HUL-410243D-AN0029;GST40663;43414.0;2267.0;12.96725646;80.15295305;12.96725646;80.15295305;34.959999999999994
43415.0;VAN 6 (BALA;D-MR-CHROMPET 2;HUL-410243F-OP5;GST40664;43414.0;5378.0;12.966978;80.15348771;12.966978;80.15348771;45.115
43415.0;VAN1 (MUTHU);D-MR-CHROMPET 2;HUL-410243D-P19717;GST40668;43414.0;3115.0;12.9444903;80.1558137;12.9444903;80.1558137;40.882
43415.0;VAN1 (MUTHU);D-MR-CHROMPET 2;TN60004460295;GST40670;43414.0;2857.0;12.94619;80.158435;12.94619;80.158435;45.50100000000001
43415.0;VAN 6 (BALA;F-PALLAVARAM;HUL-41A237D-P387689;GST40685;43414.0;3967.0;12.96445;80.14611;12.96445;80.14611;7.922000000000001
43415.0;VAN 6 (BALA;HUL-PALLAVARAM-1;HUL-410243D-P50631;GST40730;43414.0;3358.0;12.97045982943095;80.1487325492667;12.9673083;80.14372121;35.105000000000004
43415.0;VAN 6 (BALA;HUL-PALLAVARAM-1;HUL-41A237D-P388096;GST40732;43414.0;390.0;12.9729776;80.1453903;12.9729776;80.1453903;17.494
43415.0;VAN 6 (BALA;HUL-PALLAVARAM-1;HUL-41A237D-P39528;GST40733;43414.0;3269.0;12.960865776148;80.16119592156974;12.9661166;80.1444338;13.806000000000001
43415.0;VAN 6 (BALA;HUL-PALLAVARAM-1;HUL-41A237D-P39871;GST40734;43414.0;2345.0;12.96189045179593;80.1572992075271;12.9695693;80.1430259;38.364000000000004
43415.0;VAN1 (MUTHU);PPB-MR-ANAKAPUTHUR;HUL-410243D-P48020;GST40752;43414.0;5677.0;12.96739333;80.085675;12.96739333;80.085675;100.67299999999999
43415.0;VAN1 (MUTHU);HUL-POZHICHALUR;HUL-41A237D-P3880454;GST40775;43414.0;5410.0;12.9675309;80.2417201;12.991474;80.147857;17.289
43415.0;VAN1 (MUTHU);HUL-POZHICHALUR;HUL-41A237D-P3880459;GST40776;43414.0;1173.0;12.9675309;80.2417201;12.99146049;80.1480055;15.398
43415.0;VAN1 (MUTHU);HUL-POZHICHALUR;HUL-41A237D-P3880474;GST40778;43414.0;405.0;12.967745;80.24493500000001;12.989211;80.132903;4.92
43415.0;VAN1 (MUTHU);HUL-POZHICHALUR;HUL-41A237D-P3880494;GST40780;43414.0;2416.0;13.0529423;80.2010588;12.98944;80.150349;16.964
43415.0;VAN1 (MUTHU);HUL-POZHICHALUR;HUL-41A237D-P3880574;GST40781;43414.0;1115.0;12.9816149;80.1382495;12.980244;80.137773;11.646
43415.0;VAN 4 (FELIX);DF - NANGANALLUR 2;HUL-414141D-P15900;GST40786;43414.0;1113.0;12.97423368171659;80.18591619560982;12.9715931;80.1814128;6.672
43415.0;VAN 4 (FELIX);DF - NANGANALLUR 2;HUL-410243D-P19940;GST40787;43414.0;2290.0;12.9772859;80.1893771;12.9772859;80.1893771;14.251000000000003
43415.0;VAN 4 (FELIX);DF - NANGANALLUR 2;HUL-410243D-P20207;GST40788;43414.0;1745.0;12.97815053;80.1831886;12.97815053;80.1831886;7.25
43415.0;VAN 4 (FELIX);DF - NANGANALLUR 2;HUL-410243D-P32957;GST40789;43414.0;5046.0;12.96970833;80.18347333;12.96970833;80.18347333;29.972000000000005
43415.0;VAN 4 (FELIX);DF - NANGANALLUR 2;HUL-410243P5270;GST40791;43414.0;1148.0;12.97522877556064;80.1901576625686;12.9819025;80.1838231;7.345000000000001
43415.0;VAN 4 (FELIX);PPB-NANGANALLUR 1;TN60006150139;GST40806;43414.0;457.0;12.9882051;80.1852834;12.9882051;80.1852834;1657.0670000000005
43415.0;VAN1 (MUTHU);HUL - T MALAI;HUL-41A237D-P39793;GST40813;43414.0;2887.0;12.96908024764609;80.08943084142606;12.9592632;80.1358129;12.948
43415.0;VAN1 (MUTHU);HUL - T MALAI;HUL-41A237D-P39921;GST40815;43414.0;4900.0;12.9688556215891;80.09073117321327;12.968412278162;80.0950151995228;39.36800000000001
43415.0;VAN1 (MUTHU);D-MR-CHROMPET 2;HUL-410243D-P20975;GST40816;43414.0;6319.0;12.9492838;80.15567343;12.9492838;80.15567343;63.87400000000001
43415.0;VAN 6 (BALA;F-MR-PALLAVARAM;HUL-410243D-PV0023;GST40817;43414.0;1984.0;12.96899149;80.14728956;12.96899149;80.14728956;21.579
43415.0;VAN1 (MUTHU);D-MR-CHROMPET  1;HUL-41A237D-P388082;GST40821;43414.0;891.0;12.94744287;80.15856848;12.94744287;80.15856848;27.283999999999985
43417.0;VAN3 (RAJKUMAR);D-MR-POZHICHALUR;HUL-410243D-P24225;GST40848;43416.0;2011.0;12.98402415;80.1424059;12.98402415;80.1424059;21.169999999999998
43417.0;VAN 6 (BALA;D-MR-POZHICHALUR;HUL-410243D-P24229;GST40849;43416.0;2218.0;12.98824987;80.14080436;12.98824987;80.14080436;41.827999999999996
43417.0;VAN3 (RAJKUMAR);D-MR-POZHICHALUR;HUL-410243D-PL0044;GST40854;43416.0;4513.0;12.9802299;80.13904313;12.9802299;80.13904313;47.515
43417.0;VAN 6 (BALA;D-MR-POZHICHALUR;HUL-41A237D-P39412;GST40858;43416.0;2170.0;12.9897954;80.1434047;12.9897954;80.1434047;12.82
43417.0;VAN 6 (BALA;D-MR-POZHICHALUR;HUL-41A237D-P39549;GST40859;43416.0;3356.0;12.9917687;80.1443773;12.9917687;80.1443773;64.59899999999998
43417.0;van 2(MURUGAN);D-MR-POZHICHALUR;HUL-41A237D-P4046;GST40861;43416.0;3089.0;12.97358902;80.14263678;12.97358902;80.14263678;35.05
43417.0;VAN 4 (FELIX);F-NANGANALLUR 1;HUL-410243D-NN0202;GST40872;43416.0;4371.0;12.97805630922777;80.18829991997757;12.9777612;80.189876;58.768
43417.0;VAN 4 (FELIX);F-NANGANALLUR 1;TN60006160204;GST40876;43416.0;11188.0;12.9834591;80.1882367;12.9834591;80.1882367;246.97500000000002
43417.0;VAN 4 (FELIX);F-MR-NANGANALLUR 1;HUL-410243D-NN0087;GST40885;43416.0;6404.0;12.979215;80.18068333;12.979215;80.18068333;14.132999999999997
43417.0;VAN 6 (BALA;HUL-PAMMAL;HUL-410243D-P31111;GST40909;43416.0;2647.0;12.98923333;80.14485833;12.98923333;80.14485833;8.298
43417.0;VAN1 (MUTHU);HUL-PAMMAL;HUL-410243D-P31661;GST40910;43416.0;482.0;0.0;0.0;12.9670575936781;80.1274164674976;4.26
43417.0;VAN1 (MUTHU);HUL-PAMMAL;HUL-410243D-P50544;GST40912;43416.0;7086.0;12.96987597;80.13391327;12.96987597;80.13391327;39.477999999999994
43417.0;VAN1 (MUTHU);HUL-PAMMAL;HUL-41A237D-P387969;GST40914;43416.0;5095.0;12.970366;80.1324525;12.9705291;80.1313475;26.381
43417.0;VAN1 (MUTHU);HUL-PAMMAL;HUL-41A237D-P387974;GST40915;43416.0;5751.0;12.9708009;80.13136279999999;12.9708009;80.13136279999999;30.523
43417.0;VAN 6 (BALA;HUL-PAMMAL;HUL-41A237D-P388004;GST40916;43416.0;1186.0;12.9825033;80.1377819;12.9907028846164;80.1418078355569;8.886000000000001
43417.0;VAN 6 (BALA;HUL-PAMMAL;HUL-41A237D-P388009;GST40917;43416.0;8589.0;12.9825033;80.1377819;12.99086661;80.14170221;65.43
43417.0;VAN1 (MUTHU);HUL-PAMMAL;HUL-41A237D-P388024;GST40918;43416.0;1992.0;12.9782312;80.1393896;12.9801724001605;80.136628857063;42.401
43417.0;van 2(MURUGAN);U - MR - CHROMPET - 1;HUL-41A237D-P3880792;GST40923;43416.0;15778.0;12.9464577;80.1382752;12.9458656;80.1398465;62.29699999999996
43417.0;VAN1 (MUTHU);HUL - PAMMAL - 2;HUL-410243D-PM0060;GST40955;43416.0;3664.0;12.97293444;80.12884436;12.97293444;80.12884436;20.942999999999994
43417.0;VAN 6 (BALA;HUL - PAMMAL - 2;HUL-41A237D-P387829;GST40958;43416.0;4284.0;12.9805386;80.14110289999999;12.9671811;80.127907;41.427000000000014
43417.0;VAN 6 (BALA;HUL - PAMMAL - 2;HUL-41A237D-P387842;GST40960;43416.0;1913.0;13.0082863;80.19064499999999;12.985143;80.142357;10.061000000000002
43417.0;VAN1 (MUTHU);HUL - PAMMAL - 2;HUL-41A237D-P39602;GST40961;43416.0;1148.0;12.9769634810926;80.14133246764072;12.97938303;80.13635709;4.784000000000001
43417.0;VAN1 (MUTHU);HUL - PAMMAL - 2;HUL-41A237D-P39672;GST40963;43416.0;2050.0;12.9758648;80.1351622;12.9758648;80.1351622;12.829
43417.0;VAN1 (MUTHU);HUL - PAMMAL - 2;HUL-41A237D-P39778;GST40965;43416.0;2847.0;12.97775686311636;80.13665467209239;12.9795078;80.13445812;14.551
43417.0;VAN1 (MUTHU);DF - POZHICHALUR;HUL-410243D-P18904;GST40966;43416.0;3659.0;12.9744796;80.1347647;12.9744796;80.1347647;25.604000000000003
43417.0;VAN3 (RAJKUMAR);DF - POZHICHALUR;HUL-410243D-PM0008;GST40972;43416.0;6575.0;12.97035190459526;80.13900984291229;12.968389;80.125867;47.936
43417.0;VAN1 (MUTHU);DF - POZHICHALUR;HUL-41A237D-P387638;GST40974;43416.0;817.0;12.974465;80.142505;12.974465;80.142505;20.208
43417.0;VAN 4 (FELIX);HUL-NANGANALLUR 3;HUL-41A237D-P3880605;GST40989;43416.0;1025.0;12.978248;80.1888811;12.98351;80.182578;27.222999999999995
43417.0;VAN 4 (FELIX);HUL-NANGANALLUR 3;HUL-41A237D-P3880655;GST40990;43416.0;1269.0;0.0;0.0;12.98626;80.188422;7.407
43417.0;VAN 4 (FELIX);HUL-NANGANALLUR 3;HUL-41A237D-P3880686;GST40991;43416.0;1627.0;12.9850933;80.1910719;12.976978;80.178739;6.428
43417.0;VAN 4 (FELIX);HUL-NANGANALLUR 3;HUL-41A237D-P3880696;GST40992;43416.0;2005.0;12.97972;80.1784392;12.980015;80.176963;11.515000000000002
43417.0;VAN 4 (FELIX);HUL-NANGANALLUR 3;HUL-41A237D-P3880711;GST40994;43416.0;3944.0;12.97972;80.1784392;12.978639;80.179885;45.139
43418.0;VAN1 (MUTHU);D-NANGANALLUR 2;HUL-410243D-P48900;GST41002;43417.0;3986.0;12.98852333;80.19041333;12.98852333;80.19041333;83.85199999999999
43418.0;VAN 4 (FELIX);D-NANGANALLUR 2;HUL-414141D-P11086;GST41007;43417.0;46008.0;12.98345666;80.19087333;12.98345666;80.19087333;856.0370000000005
43418.0;VAN 4 (FELIX);D-NANGANALLUR 2;HUL-410243D-NN0001;GST41010;43417.0;13298.0;12.98565601;80.18838833;12.98565601;80.18838833;216.62699999999998
43418.0;VAN 6 (BALA;D-MR-NANGANALLUR 2;HUL-410243D-NN0045;GST41025;43417.0;653.0;12.98636028;80.18497561;12.98636028;80.18497561;22.012
43418.0;VAN 6 (BALA;D-MR-NANGANALLUR 2;HUL-410243D-NN0303;GST41026;43417.0;5811.0;12.9907421;80.1919634;12.9907421;80.1919634;44.480999999999995
43418.0;VAN 6 (BALA;D-MR-NANGANALLUR 2;HUL-410243D-P24529;GST41028;43417.0;692.0;12.982815;80.18433833;12.982815;80.18433833;19.830000000000002
43418.0;VAN 6 (BALA;D-MR-NANGANALLUR 2;HUL-410243D-P31256;GST41029;43417.0;3141.0;12.97388166;80.18986666;12.97388166;80.18986666;41.16000000000001
43418.0;VAN 4 (FELIX);D-MR-NANGANALLUR 2;HUL-414141D-P18559;GST41030;43417.0;1598.0;12.97605603;80.18124464;12.97605603;80.18124464;20.411000000000005
43418.0;VAN 4 (FELIX);D-MR-NANGANALLUR 2;HUL-41A237D-P4171;GST41033;43417.0;380.0;12.9879591;80.1853891;12.9879591;80.1853891;146.81000000000006
43418.0;VAN 6 (BALA;D-MR-NANGANALLUR 2;HUL-410243D-NN0069;GST41034;43417.0;363.0;12.97380999;80.185445;12.97380999;80.185445;24.274
43418.0;VAN 6 (BALA;D-MR-NANGANALLUR 2;HUL-410243D-NN0078;GST41035;43417.0;4201.0;12.97557706;80.18323541;12.97557706;80.18323541;76.92
43418.0;VAN 6 (BALA;D-MR-NANGANALLUR 2;HUL-413768D-P11520;GST41036;43417.0;426.0;12.97388559;80.18812579;12.97388559;80.18812579;155.41
43418.0;VAN 6 (BALA;D-MR-NANGANALLUR 2;HUL-410243D-P29271;GST41037;43417.0;705.0;12.98032666;80.17787833;12.98032666;80.17787833;60.138
43418.0;VAN 6 (BALA;D-MR-NANGANALLUR 2;HUL-410243D-MP0009;GST41038;43417.0;5250.0;12.97648044;80.18317506;12.97648044;80.18317506;130.094
43418.0;van 2(MURUGAN);HUL-CHROMPET-1;HUL-410243D-P30114;GST41089;43417.0;1808.0;12.95012779;80.15392783;12.95012779;80.15392783;13.622999999999998
43418.0;van 2(MURUGAN);HUL-CHROMPET-1;HUL-410243D-P50574;GST41091;43417.0;4708.0;12.95309215;80.14165004;12.95309215;80.14165004;18.448999999999998
43418.0;van 2(MURUGAN);HUL-CHROMPET-1;HUL-41A237D-P387715;GST41094;43417.0;2907.0;12.9491184;80.1531624;12.9500327459783;80.1561745584985;18.204
43418.0;van 2(MURUGAN);HUL-CHROMPET-1;HUL-41A237D-P387809;GST41095;43417.0;691.0;12.9375316;80.15050939999999;12.93951391;80.15189251;8.56
43418.0;van 2(MURUGAN);HUL-CHROMPET-1;HUL-41A237D-P4051;GST41096;43417.0;8722.0;12.95181759971225;80.14192359192009;12.9519906;80.1437711;61.189
43418.0;van 2(MURUGAN);ST - PALLAVARAM;HUL-410243D-P15123;GST41105;43417.0;9212.0;12.97109166;80.14505666;12.97109166;80.14505666;39.20099999999999
43418.0;VAN1 (MUTHU);HUL-NANGANALLUR 4;HUL-410243D-P26381;GST41140;43417.0;3420.0;12.97685057;80.18319104;12.97685057;80.18319104;19.003999999999998
43418.0;VAN1 (MUTHU);HUL-NANGANALLUR;HUL-41A237D-P387582;GST41142;43417.0;1565.0;16.2055321;74.4349761;12.97766856;80.18315794;14.32
43418.0;VAN 4 (FELIX);HUL-NANGANALLUR;HUL-41A237D-P387659;GST41144;43417.0;3503.0;12.987143;80.18829099999999;12.98679581;80.18491274;22.052000000000003
43418.0;VAN1 (MUTHU);HUL-NANGANALLUR;HUL-41A237D-P387677;GST41145;43417.0;4718.0;12.9726209;80.18207720000001;12.97902097;80.17943489;24.804000000000002
43418.0;VAN1 (MUTHU);DF -  NANGANALUR 1;HUL-410243D-P25712;GST41155;43417.0;999.0;12.97784833;80.18123166;12.97784833;80.18123166;4.5600000000000005
43418.0;VAN1 (MUTHU);DF -  NANGANALUR 1;HUL-410243D-P26152;GST41156;43417.0;328.0;12.9792871;80.1805461;12.9792871;80.1805461;0.0
43418.0;VAN1 (MUTHU);DF -  NANGANALUR 1;HUL-410243D-P5476;GST41157;43417.0;1145.0;12.98392384346307;80.18655772660054;12.9795795;80.1881407;8.205000000000002
43418.0;VAN1 (MUTHU);DF -  NANGANALUR 1;HUL-41A237D-P387690;GST41161;43417.0;634.0;12.9782076;80.1879738;12.9782076;80.1879738;4.275
43418.0;VAN1 (MUTHU);DF -  NANGANALUR 1;HUL-41A237D-P388061;GST41163;43417.0;676.0;12.97910972;80.17831737;12.97910972;80.17831737;7.244000000000001
43418.0;VAN1 (MUTHU);DF -  NANGANALUR 1;HUL-41A237D-P388066;GST41164;43417.0;1229.0;12.9864293;80.187707;12.961482;80.130851;11.423
43418.0;VAN1 (MUTHU);DF -  NANGANALUR 1;HUL-41A237D-P388071;GST41165;43417.0;5257.0;12.97717526;80.18312523;12.97717526;80.18312523;25.995
43418.0;VAN1 (MUTHU);DF -  NANGANALUR 1;HUL-41A237D-P388076;GST41166;43417.0;1333.0;12.9864297;80.1876868;12.973534;80.170068;5.497
43418.0;VAN3 (RAJKUMAR);DF -  NANGANALUR 1;HUL-41A237D-P39417;GST41167;43417.0;671.0;12.9788549;80.1805777;12.9788549;80.1805777;6.655
43418.0;VAN1 (MUTHU);DF -  NANGANALUR 1;HUL-41A237D-P39976;GST41168;43417.0;983.0;12.98290171134265;80.18649335292935;12.98991374;80.19058428;14.17
43418.0;VAN 4 (FELIX);DF -  NANGANALUR 1;HUL-413407D-P11953;GST41169;43417.0;592.0;0.0;0.0;12.9859576;80.185873;3.22
43418.0;VAN1 (MUTHU);HUL-NANGANALLUR 2;HUL-41A237D-P387599;GST41185;43417.0;881.0;16.2055321;74.4349761;12.98637829;80.18843843;4.52
43418.0;VAN1 (MUTHU);HUL-NANGANALLUR 2;HUL-41A237D-P3880610;GST41186;43417.0;2100.0;12.9753604;80.1901219;12.983854;80.184068;25.352000000000004
43418.0;VAN 4 (FELIX);HUL-NANGANALLUR 2;HUL-41A237D-P3880620;GST41187;43417.0;1630.0;12.9899259;80.1859848;12.98437;80.182062;16.433999999999997
43418.0;VAN 4 (FELIX);HUL-NANGANALLUR 2;HUL-41A237D-P3880645;GST41188;43417.0;3008.0;12.9507649;80.1442766;12.979041;80.180687;14.697999999999999
43418.0;van 2(MURUGAN);HUL - CHROMPET - 3;HUL-41A237D-P3880787;GST41190;43417.0;3089.0;23.2156354;72.63694149999999;12.987921;80.116344;17.675
43419.0;IMA 1;D-POZHICHALUR;HUL-410243D-P25038;GST41211;43418.0;129032.0;12.97463382604842;80.12657993188009;12.975196;80.1333149;1966.7140000000002
43419.0;van 2(MURUGAN);D-ANAKAPUTHUR;HUL-410243D-AN0018;GST41224;43418.0;1785.0;13.0627021;80.2639011;12.978255;80.13040166;57.144999999999996
43419.0;VAN1 (MUTHU);D-MR-T MALAI;HUL-410243D-P19378;GST41228;43418.0;2800.0;12.95665012;80.14203812;12.95665012;80.14203812;64.06700000000001
43419.0;VAN1 (MUTHU);D-MR-T MALAI;HUL-410243D-P21065;GST41230;43418.0;1089.0;12.95924437;80.13971763;12.95924437;80.13971763;9.120000000000001
43419.0;VAN1 (MUTHU);D-MR-T MALAI;HUL-410243D-P26445;GST41232;43418.0;1245.0;12.95189464;80.13554752;12.95189464;80.13554752;12.725
43419.0;VAN1 (MUTHU);D-MR-T MALAI;HUL-410243D-NG0008;GST41242;43418.0;2140.0;12.9546034;80.1347751;12.9546034;80.1347751;53.161
43419.0;VAN 4 (FELIX);F-NANGANALLUR 3;HUL-410243D-CT0025;GST41261;43418.0;3925.0;12.9806532;80.1830581;12.9806532;80.1830581;104.79699999999998
43419.0;VAN3 (RAJKUMAR);F-NANGANALLUR 2;HUL-410243D-NN0003;GST41263;43418.0;5243.0;12.98643486;80.18736243;12.98643486;80.18736243;105.98499999999996
43419.0;VAN3 (RAJKUMAR);F-MR-NANGANALLUR  2;HUL-410243D-BT0020;GST41274;43418.0;27094.0;12.98639833;80.174005;12.98639833;80.174005;182.95500000000013
43419.0;VAN3 (RAJKUMAR);F-MR-NANGANALLUR  2;HUL-410243D-AD0334;GST41284;43418.0;3037.0;13.0627021;80.2639011;12.9791434;80.18265974;84.73
43419.0;VAN 6 (BALA;HUL-ANAKAPUTHUR;HUL-410243D-P24541;GST41296;43418.0;1021.0;12.98399781;80.13363343;12.98399781;80.13363343;7.164
43419.0;VAN1 (MUTHU);HUL-ANAKAPUTHUR;HUL-410243D-P34017;GST41299;43418.0;7293.0;12.99118824;80.10865948;12.99118824;80.10865948;33.879
43419.0;VAN 6 (BALA;HUL-ANAKAPUTHUR;HUL-410243D-P35300;GST41301;43418.0;2745.0;12.98352823;80.12560327;12.98352823;80.12560327;10.882
43419.0;VAN 6 (BALA;HUL-ANAKAPUTHUR;HUL-41A237D-P387896;GST41303;43418.0;24706.0;12.9813452;80.12934539999999;12.9813452;80.12934539999999;153.325
43419.0;VAN 6 (BALA;HUL-ANAKAPUTHUR;HUL-41A237D-P387901;GST41304;43418.0;4032.0;12.9826586;80.12669679999999;12.9821697;80.1227483;44.33
43419.0;VAN 6 (BALA;HUL-ANAKAPUTHUR;HUL-41A237D-P387906;GST41305;43418.0;1316.0;12.9823;80.12256;12.973641;80.129967;5.643
43419.0;VAN 6 (BALA;HUL-ANAKAPUTHUR;HUL-41A237D-P387921;GST41306;43418.0;2568.0;12.9823009;80.1225607;12.9846903;80.1340483;31.738999999999997
43419.0;VAN 6 (BALA;HUL-ANAKAPUTHUR;HUL-41A237D-P387931;GST41307;43418.0;1490.0;12.9722747;80.12294229999999;12.9722747;80.12294229999999;19.782999999999998
43419.0;VAN 6 (BALA;HUL-ANAKAPUTHUR;HUL-41A237D-P39401;GST41308;43418.0;0.0;12.9878631211125;80.11869845528997;12.98835516;80.11405364;26.159999999999997
43419.0;VAN 6 (BALA;HUL-ANAKAPUTHUR;HUL-41A237D-P39407;GST41309;43418.0;1885.0;12.98400252;80.12491009;12.98400252;80.12491009;22.57
43419.0;VAN 6 (BALA;HUL-ANAKAPUTHUR;HUL-41A237D-P4280;GST41311;43418.0;3284.0;12.97217095551739;80.12489021397346;12.974652;80.1233474;36.51200000000001
43419.0;VAN1 (MUTHU);PPA-MR-ANAKAPUTHUR;HUL-410243D-P19711;GST41336;43418.0;7893.0;12.9679542;80.1021512;12.96615841;80.08110257;239.3540000000001
43419.0;VAN 4 (FELIX);HUL-NANGANALLUR 4;HUL-41A237D-P3880873;GST41350;43418.0;1251.0;12.9881988;80.18385119999999;12.987864;80.182922;5.978000000000001
43419.0;VAN 4 (FELIX);HUL-NANGANALLUR 4;HUL-41A237D-P3880898;GST41351;43418.0;1088.0;12.9874111;80.1854364;12.9874111;80.1854364;4.691999999999999
43419.0;VAN1 (MUTHU);DF - CHROMPET - 2;HUL-410243D-P32001;GST41355;43418.0;2897.0;12.94565833;80.16325166;12.94565833;80.16325166;27.582
43419.0;VAN1 (MUTHU);DF - CHROMPET - 2;HUL-410243D-P49108;GST41358;43418.0;931.0;12.95086243;80.1582043;12.955987;80.135796;24.614000000000004
43419.0;VAN1 (MUTHU);DF - CHROMPET - 2;HUL-41A237D-P388030;GST41361;43418.0;3100.0;12.99028;80.14515;12.940161;80.139421;40.929
43419.0;VAN1 (MUTHU);DF - CHROMPET - 2;HUL-41A237D-P39543;GST41363;43418.0;1753.0;12.95015935;80.1562511;12.95015935;80.1562511;6.086
43419.0;VAN1 (MUTHU);HUL - CHROMPET - 3;HUL-41A237D-P3880756;GST41376;43418.0;1818.0;12.9397909;80.14441169999999;12.94071;80.142528;11.578000000000001
43419.0;VAN1 (MUTHU);HUL - CHROMPET - 3;HUL-41A237D-P3880771;GST41378;43418.0;1384.0;12.9324505;80.1426805;12.940595;80.145508;4.437000000000001
43419.0;VAN1 (MUTHU);HUL - CHROMPET - 3;HUL-41A237D-P39683;GST41380;43418.0;893.0;12.95952308;80.13035277;12.95952308;80.13035277;4.853999999999999
43419.0;VAN1 (MUTHU);HUL - CHROMPET - 3;HUL-41A237D-P39771;GST41381;43418.0;1219.0;12.9564323;80.1316756;12.9564323;80.1316756;4.52
43419.0;VAN1 (MUTHU);HUL - CHROMPET - 3;HUL-41A237D-P4121;GST41383;43418.0;2092.0;12.951576;80.1369893;12.951576;80.1369893;26.310000000000002
43419.0;VAN1 (MUTHU);HUL - CHROMPET - 3;HUL-410243D-HA0003;GST41384;43418.0;5265.0;12.94070875;80.14238847;12.94070875;80.14238847;22.043
43420.0;van 2(MURUGAN);F-ANAKAPUTHUR;HUL-410243D-AN0033;GST41421;43419.0;2397.0;12.98659301;80.13151671;12.98659301;80.13151671;28.392999999999997
43420.0;VAN 6 (BALA;D-MR-PAMMAL(PALL);HUL-410243D-P20645;GST41449;43419.0;1343.0;12.97038247;80.13822203;12.97038247;80.13822203;12.501
43420.0;VAN 6 (BALA;D-MR-PAMMAL(PALL);HUL-410243D-P36363;GST41451;43419.0;1106.0;12.96800358;80.14438893;12.96800358;80.14438893;12.156
43420.0;VAN 6 (BALA;D-MR-PAMMAL(PALL);HUL-41A237D-P4131;GST41461;43419.0;2030.0;12.96695157;80.14319451;12.96695157;80.14319451;44.803000000000004
43420.0;VAN3 (RAJKUMAR);HUL- PALLAVARAM-2;HUL-410243D-P28906;GST41495;43419.0;1156.0;12.9673857;80.15097;12.9673857;80.15097;14.319999999999999
43420.0;VAN3 (RAJKUMAR);HUL- PALLAVARAM-2;HUL-410243D-P47287;GST41497;43419.0;1733.0;12.97409692;80.14676278;12.97409692;80.14676278;14.678
43420.0;VAN 6 (BALA;HUL- PALLAVARAM-2;HUL-410243D-P47774;GST41498;43419.0;7701.0;12.96406166;80.147865;12.96406166;80.147865;47.989
43420.0;VAN3 (RAJKUMAR);HUL- PALLAVARAM-2;HUL-410243D-P14170;GST41499;43419.0;4137.0;12.96704742;80.15316951;12.96704742;80.15316951;48.00499999999999
43420.0;VAN3 (RAJKUMAR);HUL- PALLAVARAM-2;HUL-410243D-P50549;GST41500;43419.0;2422.0;12.9660944;80.1485715;12.9660944;80.1485715;34.458000000000006
43420.0;VAN3 (RAJKUMAR);HUL- PALLAVARAM-2;HUL-410243D-PA0001;GST41507;43419.0;2817.0;12.96748012808284;80.14902651898183;12.9662722;80.1517274;10.901000000000002
43420.0;van 2(MURUGAN);HUL - ANAKAPUTHUR- 1;HUL-41A237D-P39440;GST41546;43419.0;2454.0;12.98842766698447;80.11809072642393;12.98064648;80.13220342;12.203999999999999
43420.0;VAN 6 (BALA;HUL - ANAKAPUTHUR- 1;HUL-41A237D-P39958;GST41548;43419.0;3292.0;0.0;0.0;12.9822911;80.13461763;13.822000000000003
43420.0;van 2(MURUGAN);HUL - ANAKAPUTHUR- 1;HUL-41A237D-P40073;GST41550;43419.0;1815.0;12.98161483349251;80.12896656509099;12.98161483349251;80.12896656509099;11.924000000000001
43420.0;van 2(MURUGAN);HUL - ANAKAPUTHUR- 1;HUL-41A237D-P40084;GST41551;43419.0;1748.0;12.98425990302659;80.12450551387872;12.9819362994012;80.1286044551544;7.2
43420.0;VAN3 (RAJKUMAR);DF - PALLAVARAM;HUL-410243D-CH0108;GST41557;43419.0;1927.0;12.965186;80.1520228;12.9684212;80.1488516;18.198
43420.0;VAN3 (RAJKUMAR);DF - PALLAVARAM;HUL-410243D-P19835;GST41559;43419.0;472.0;12.9701087;80.14660669999999;12.96835251;80.14469744;3.1
43420.0;VAN 6 (BALA;DF - PALLAVARAM;HUL-41A237D-P387959;GST41563;43419.0;8530.0;12.9652783;80.1516023;12.966181;80.1517062;49.266000000000005
43420.0;VAN3 (RAJKUMAR);DF - PALLAVARAM;HUL-41A237D-P387964;GST41564;43419.0;931.0;12.9621346;80.1592915;12.9633633333333;80.1542633333333;5.47
43420.0;van 2(MURUGAN);HUL-LAKSHMIPURAM;HUL-41A237D-P3880297;GST41580;43419.0;962.0;12.9538477;80.1308552;12.95321331;80.12993253;10.667
43420.0;van 2(MURUGAN);HUL-LAKSHMIPURAM;HUL-41A237D-P3880559;GST41587;43419.0;1806.0;12.9732086;80.1259707;12.960305;80.140007;11.155000000000001
43420.0;IMA 1;D-MR-PALLAVARAM;HUL-41A237D-P387617;GST41591;43419.0;156432.0;16.2055321;74.4349761;12.9697553;80.1474075;2789.22
43420.0;IMA 1;DF - PALLAVARAM;HUL-410243D-P48770;GST41592;43419.0;3209.0;12.96938854125387;80.14546112657013;12.956853;80.135702;126.72
43421.0;VAN3 (RAJKUMAR);D-MR-CHROMPET  1;HUL-410243D-P31106;GST41624;43420.0;2539.0;12.9480494;80.1471039;12.9480494;80.1471039;38.32
43421.0;VAN3 (RAJKUMAR);F-MR-T MALAI;HUL-41A237D-P4126;GST41665;43420.0;3068.0;12.9554399;80.1329795;12.9554399;80.1329795;5.997000000000002
43421.0;VAN3 (RAJKUMAR);HUL-CHROMPET-2;HUL-410243D-P29827;GST41679;43420.0;1049.0;12.9547909;80.13406093;12.9547909;80.13406093;10.47
43421.0;VAN3 (RAJKUMAR);HUL-CHROMPET-2;HUL-410243D-P48568;GST41680;43420.0;1740.0;12.95648187;80.13130275;12.95648187;80.13130275;4.382000000000001
43421.0;VAN3 (RAJKUMAR);HUL-CHROMPET-2;HUL-410243D-P48611;GST41681;43420.0;657.0;12.95716337;80.13053643;12.95716337;80.13053643;9.412
43421.0;VAN3 (RAJKUMAR);HUL-CHROMPET-2;HUL-410243P5186;GST41684;43420.0;1600.0;12.94667941;80.13623188;12.94667941;80.13623188;4.7090000000000005
43421.0;VAN 4 (FELIX);HUL - ANAKAPUTHUR- 2;HUL-41A237D-P3880519;GST41720;43420.0;1869.0;12.9892993;80.1309948;12.988666;80.127402;9.143
43421.0;VAN3 (RAJKUMAR);DF - CHROMPET - 1;HUL-410243D-P47539;GST41727;43420.0;1210.0;12.94253142496465;80.15506275125324;12.95711699;80.13911535;0.0
43421.0;VAN3 (RAJKUMAR);DF - CHROMPET - 1;HUL-410243D-P19171;GST41732;43420.0;1210.0;12.95525867687019;80.13882560686613;12.95742333;80.14050999;4.2749999999999995
43421.0;VAN 4 (FELIX);HUL - KAMARAJAPURAM;HUL-41A237D-P387772;GST41744;43420.0;770.0;12.9768443;80.1266223;12.9722868;80.1233411;9.24
43421.0;VAN MBG;HUL - KAMARAJAPURAM;HUL-41A237D-P39999;GST41746;43420.0;3271.0;12.94638664077704;80.13701683202976;12.97285699;80.1213042;22.761000000000003
43422.0;VAN 4 (FELIX);D-NANGANALLUR 3;HUL-410243D-NN0015;GST41778;43421.0;10979.0;12.979845;80.18290333;12.979845;80.18290333;151.86
43422.0;VAN 4 (FELIX);D-NANGANALLUR 3;HUL-410243D-MP0006;GST41780;43421.0;513.0;12.98652763;80.18487434;12.98652763;80.18487434;410.8540000000001
43422.0;VAN MBG;D-NANGANALLUR 3;HUL-410243D-P24886;GST41782;43421.0;78481.0;12.97565145020499;80.18970586653518;12.97722982;80.17969396;898.0259999999997
43422.0;VAN 4 (FELIX);D-MR-NANGANALLUR 1;HUL-41A237D-P387502;GST41789;43421.0;319.0;12.98121363281296;80.1780216950325;12.9866044;80.1926479;26.37
43422.0;VAN3 (RAJKUMAR);UDB DUMMY BEAT;HUL-410243D-P28743;GST41807;43421.0;19673.0;12.98552672;80.18849159;12.98552672;80.18849159;15.073000000000008
43422.0;VAN3 (RAJKUMAR);ST - NANGANALLUR 1;HUL-410243D-NN0302;GST41808;43421.0;4696.0;12.99010678;80.19044894;12.99010678;80.19044894;5.140999999999998
43422.0;VAN 6 (BALA;HUL-PALLAVARAM-1;HUL-410243D-P50151;GST41866;43421.0;2916.0;12.96851906;80.14478185;12.96851906;80.14478185;15.042000000000002
43422.0;VAN 6 (BALA;HUL-PALLAVARAM - 3;HUL-41A237D-P3880418;GST41898;43421.0;976.0;23.21564;72.63694;12.9634429;80.1506695;5.9399999999999995
43422.0;VAN 6 (BALA;HUL-PALLAVARAM - 3;HUL-41A237D-P3880858;GST41900;43421.0;2018.0;12.9825033;80.1377819;12.964201;80.150321;6.157
43422.0;VAN3 (RAJKUMAR);HUL-POZHICHALUR;HUL-41A237D-P3880539;GST41906;43421.0;1533.0;12.9816149;80.1382495;12.980817;80.137028;14.192
43422.0;VAN 4 (FELIX);DF - NANGANALLUR 2;HUL-410243D-NN0090;GST41910;43421.0;495.0;12.9769915;80.1831945;12.9769915;80.1831945;0.0
43422.0;VAN 4 (FELIX);DF - NANGANALLUR 2;HUL-410243D-NN0301;GST41911;43421.0;493.0;12.9887597;80.190365;12.9887597;80.190365;7.039999999999999
43422.0;VAN 4 (FELIX);DF - NANGANALLUR 2;HUL-410243D-NN12;GST41912;43421.0;7405.0;12.98028705;80.18273483;12.98028705;80.18273483;44.089
43422.0;VAN 4 (FELIX);DF - NANGANALLUR 2;HUL-410243D-P26011;GST41915;43421.0;987.0;12.98251666;80.18568666;12.98251666;80.18568666;3.2499999999999996
43422.0;VAN 4 (FELIX);DF - NANGANALLUR 2;HUL-410243D-NG0038;GST41919;43421.0;745.0;12.9883056;80.1930326;12.9883056;80.1930326;4.07
43422.0;VAN3 (RAJKUMAR);DF - NANGANALLUR 2;HUL-41A237D-P4151;GST41922;43421.0;3913.0;12.9777341;80.1933338;12.9777341;80.1933338;18.185
43424.0;van 2(MURUGAN);HUL - PAMMAL - 2;HUL-41A237D-P387803;GST42053;43423.0;1531.0;12.9892734;80.1422805;12.98203931;80.13946339;14.516
43424.0;van 2(MURUGAN);HUL - PAMMAL - 2;HUL-41A237D-P39760;GST42056;43423.0;3381.0;12.96715697;80.12790443;12.9896933;80.139205;24.435
43424.0;VAN 6 (BALA;D-MR-POZHICHALUR;HUL-410243D-PL0035;GST42081;43423.0;4301.0;12.98013073;80.1442209;12.98013073;80.1442209;33.900000000000006
43424.0;van 2(MURUGAN);D-MR-POZHICHALUR;HUL-410243D-PL0037;GST42084;43423.0;1601.0;12.98602413;80.13767378;12.98602413;80.13767378;18.427
43424.0;VAN 6 (BALA;HUL-PAMMAL;HUL-410243D-PL0010;GST42135;43423.0;2239.0;12.9490941;80.1375327;12.9820789;80.1396002;12.999999999999998
43424.0;van 2(MURUGAN);HUL-PAMMAL;HUL-41A237D-P387808;GST42137;43423.0;2293.0;12.9834839;80.13995369999999;12.98921001;80.1448018;6.465000000000001
43424.0;VAN 6 (BALA;HUL-PAMMAL;HUL-41A237D-P387819;GST42138;43423.0;9207.0;12.9708009;80.13136279999999;12.9708009;80.13136279999999;47.42999999999999
43424.0;VAN3 (RAJKUMAR);U - MR - CHROMPET - 1;HUL-410243D-P31051;GST42142;43423.0;289.0;12.94590246;80.16049358;12.94590246;80.16049358;2.208
43424.0;VAN3 (RAJKUMAR);U - MR - CHROMPET - 1;HUL-410243D-P19874;GST42149;43423.0;533.0;12.95059666;80.144595;12.95059666;80.144595;1.369
43424.0;VAN3 (RAJKUMAR);U - MR - CHROMPET - 1;HUL-410243D-OP0202;GST42151;43423.0;903.0;12.95060132;80.14961737;12.95060132;80.14961737;59.562
43424.0;VAN 4 (FELIX);DF - POZHICHALUR;HUL-410243D-P24408;GST42170;43423.0;2687.0;12.96251166;80.15023661;12.96251166;80.15023661;15.609
43424.0;van 2(MURUGAN);DF - POZHICHALUR;HUL-410243D-PL0028;GST42173;43423.0;2859.0;12.9817197;80.137717;12.9817197;80.137717;16.416
43424.0;VAN 6 (BALA;DF - POZHICHALUR;HUL-410243D-P24109;GST42175;43423.0;1630.0;12.9724265378583;80.13242008835766;12.97080333;80.13343;10.464999999999998
43425.0;VAN3 (RAJKUMAR);D-NANGANALLUR 2;TN60006160254;GST42245;43424.0;27536.0;12.9900541;80.1940531;12.9900541;80.1940531;223.8550000000001
43425.0;VAN 4 (FELIX);D-MR-NANGANALLUR 2;HUL-410243D-NN0034;GST42305;43424.0;3619.0;12.9861264;80.1844945;12.9861264;80.1844945;29.696
43425.0;VAN 4 (FELIX);D-MR-NANGANALLUR 2;HUL-410243D-NN1;GST42307;43424.0;3681.0;12.9908108;80.1909188;12.9908108;80.1909188;31.519000000000002
43425.0;VAN 4 (FELIX);D-MR-NANGANALLUR 2;HUL-410243D-P24898;GST42310;43424.0;1123.0;12.98253073;80.18580363;12.98253073;80.18580363;6.735
43425.0;VAN 4 (FELIX);D-MR-NANGANALLUR 2;HUL-41A237D-P39569;GST42311;43424.0;220.0;12.9771262;80.18145;12.9771262;80.18145;3.84
43425.0;VAN 4 (FELIX);D-MR-NANGANALLUR 2;HUL-41A237D-P39981;GST42312;43424.0;5651.0;12.98325100171059;80.18957610493885;12.9915149;80.1936589;56.15400000000001
43425.0;van 2(MURUGAN);HUL-CHROMPET-1;HUL-410243D-P26269;GST42335;43424.0;539.0;12.94620333;80.13809833;12.94620333;80.13809833;5.675000000000001
43425.0;VAN3 (RAJKUMAR);HUL-CHROMPET-1;HUL-410243D-P30569;GST42337;43424.0;8212.0;12.95010178;80.15614478;12.95010178;80.15614478;43.17800000000001
43425.0;van 2(MURUGAN);HUL-CHROMPET-1;HUL-410243D-P31301;GST42338;43424.0;5085.0;12.94172469;80.15263637;12.94172469;80.15263637;27.861
43425.0;VAN3 (RAJKUMAR);HUL-CHROMPET-1;HUL-410243D-P49549;GST42341;43424.0;3375.0;12.94662633;80.15257748;12.94662633;80.15257748;20.57
43425.0;van 2(MURUGAN);HUL-CHROMPET-1;TN60004480621;GST42342;43424.0;4445.0;12.95349286;80.14167772;12.95349286;80.14167772;5.651
43425.0;van 2(MURUGAN);HUL-NANGANALLUR;HUL-41A237D-P387735;GST42381;43424.0;1686.0;12.9832346;80.18302400000002;12.9831705;80.1840366;13.192000000000002
43425.0;VAN 6 (BALA;DF -  NANGANALUR 1;HUL-410243D-NN00110;GST42384;43424.0;822.0;12.9864365;80.1876732;12.9864365;80.1876732;3.0
43425.0;VAN 6 (BALA;DF -  NANGANALUR 1;HUL-410243D-P20996;GST42387;43424.0;986.0;12.98075488;80.18812259;12.98075488;80.18812259;3.219
43425.0;van 2(MURUGAN);DF -  NANGANALUR 1;HUL-41A237D-P3980;GST42391;43424.0;714.0;12.98646499;80.186195;12.98646499;80.186195;5.995
43425.0;van 2(MURUGAN);HUL-ANAKAPUTHUR;HUL-410243D-P20054;GST42443;43424.0;5902.0;12.96782877;80.15192415;12.98706937;80.11775521;67.742
43425.0;VAN 6 (BALA;HUL-ANAKAPUTHUR;HUL-410243D-P48676;GST42446;43424.0;5750.0;12.98117431;80.12468346;12.98117431;80.12468346;30.680000000000007
43425.0;VAN 6 (BALA;HUL-ANAKAPUTHUR;HUL-410243D-P49761;GST42447;43424.0;1957.0;12.97387;80.12633666;12.97387;80.12633666;13.329
43425.0;van 2(MURUGAN);HUL-ANAKAPUTHUR;HUL-41A237D-P4206;GST42453;43424.0;1201.0;12.96710015611214;80.1336857149538;12.9872858;80.1178228;8.258999999999999
43425.0;VAN 6 (BALA;HUL-ANAKAPUTHUR;HUL-41A237D-P4265;GST42454;43424.0;1961.0;12.9840368;80.1303182;12.9840368;80.1303182;18.726
43425.0;van 2(MURUGAN);D-MR-T MALAI;HUL-410243D-P24360;GST42465;43424.0;596.0;12.95541948;80.12889975;12.95541948;80.12889975;5.92
43425.0;VAN3 (RAJKUMAR);F-MR-NANGANALLUR  2;HUL-41A237D-P39423;GST42481;43424.0;3266.0;12.9718257;80.1827925;12.9718257;80.1827925;12.566000000000003
43425.0;VAN 6 (BALA;DF - CHROMPET - 2;HUL-410243D-P31076;GST42489;43424.0;2651.0;12.95918333;80.12960666;12.95918333;80.12960666;11.921999999999999
43425.0;VAN 6 (BALA;DF - CHROMPET - 2;HUL-410243D-NG0029;GST42492;43424.0;3824.0;12.9484929;80.1365887;12.9484929;80.1365887;16.134999999999998
43425.0;VAN 6 (BALA;DF - CHROMPET - 2;HUL-410243D-P14057;GST42493;43424.0;6032.0;12.95704615;80.13018362;12.95704615;80.13018362;26.455
43425.0;van 2(MURUGAN);UDB DUMMY BEAT;HUL-41A237D-P387660;GST42502;43424.0;4966.0;12.9765542;80.0866661;12.9765542;80.0866661;28.973999999999997
43425.0;van 2(MURUGAN);ST - POZHICHALUR;HUL-410243D-P19312;GST42531;43424.0;1708.0;12.96900999;80.13959;12.96900999;80.13959;26.230000000000004
43427.0;VAN 6 (BALA;DF - PALLAVARAM;HUL-410243D-P16961;GST42692;43426.0;3259.0;12.9880558;80.1164223;12.9676;80.14459;24.899
43427.0;VAN 4 (FELIX);DF - PALLAVARAM;HUL-41A237D-P387513;GST42693;43426.0;5640.0;12.9448478933439;80.15916116793767;12.96493011;80.13981687;19.499000000000002
43428.0;VAN 4 (FELIX);HUL-PAMMAL 3;HUL-41A237D-P3880347;GST42745;43427.0;2371.0;13.047024;80.24779740000001;12.9693;80.133533;20.85
43428.0;VAN 4 (FELIX);HUL-PAMMAL 3;HUL-41A237D-P3880377;GST42746;43427.0;1829.0;12.9780731;80.1368435;12.9780731;80.1368435;14.822
43428.0;van 2(MURUGAN);F-MR-T MALAI;HUL-410243D-P14580;GST42769;43427.0;5404.0;12.95718702;80.13059275;12.95952279;80.12589124;227.802
43428.0;van 2(MURUGAN);DF - CHROMPET - 1;HUL-41A237D-P387705;GST42815;43427.0;2486.0;12.95192;80.13564;12.948115;80.13321666;21.124
43429.0;van 2(MURUGAN);D-NANGANALLUR 3;HUL-410243D-P24163;GST42835;43428.0;2414.0;12.97915274;80.18412373;12.97915274;80.18412373;22.716
43429.0;VAN 6 (BALA;HUL-PALLAVARAM-1;HUL-410243D-P29051;GST42915;43428.0;908.0;12.9695381;80.1456059;12.9695381;80.1456059;4.792000000000001
43429.0;VAN 6 (BALA;HUL-PALLAVARAM-1;HUL-410243D-P32467;GST42916;43428.0;2545.0;12.9696303;80.1456932;12.9696303;80.1456932;9.758
43429.0;VAN 6 (BALA;HUL-PALLAVARAM-1;HUL-41A237D-P387649;GST42918;43428.0;2022.0;12.9672168;80.1435396;12.9672168;80.1435396;11.94
43429.0;VAN 6 (BALA;HUL-PALLAVARAM-1;HUL-41A237D-P387879;GST42920;43428.0;576.0;12.966726;80.1427394;12.966726;80.1427394;4.470000000000001
43429.0;VAN3 (RAJKUMAR);PPB-MR-ANAKAPUTHUR;HUL-41A237D-P39632;GST42951;43428.0;157.0;12.96716176;80.08798287;12.96716176;80.08798287;0.688
43429.0;VAN3 (RAJKUMAR);PPB-MR-ANAKAPUTHUR;HUL-41A237D-P4096;GST42955;43428.0;3735.0;12.96938075;80.08726394;12.96938075;80.08726394;5.0840000000000005
43429.0;VAN 6 (BALA;HUL-PALLAVARAM - 3;HUL-41A237D-P3880408;GST42958;43428.0;2075.0;13.001582;80.131053;12.965748;80.152612;14.180000000000001
43429.0;VAN 6 (BALA;HUL-PALLAVARAM - 3;HUL-41A237D-P3880853;GST42961;43428.0;3272.0;22.97509;88.43451;12.96679046385979;80.1422683780338;17.005
43429.0;VAN3 (RAJKUMAR);HUL - T MALAI;HUL-410243D-P28976;GST42987;43428.0;2045.0;0.0;0.0;12.966637;80.0840035;3.9859999999999998
43429.0;VAN3 (RAJKUMAR);HUL - T MALAI;HUL-41A237D-P387549;GST42988;43428.0;1091.0;12.96952777444717;80.09098437886053;12.96413474;80.08024522;6.706
43429.0;VAN3 (RAJKUMAR);HUL - T MALAI;HUL-41A237D-P387635;GST42989;43428.0;1761.0;12.96511542160786;80.08419056477533;12.96606455;80.08312644;11.275
43431.0;VAN3 (RAJKUMAR);D-MR-POZHICHALUR;HUL-41A237D-P39434;GST43019;43430.0;1668.0;12.98973443535508;80.1164449233653;12.98037333;80.12838333;14.92
43431.0;VAN3 (RAJKUMAR);D-MR-POZHICHALUR;HUL-41A237D-P39470;GST43020;43430.0;8259.0;12.99151174254591;80.11549649268602;12.9879672;80.1162986;69.294
43431.0;BIKE (B SUNDARAPANDI);F-MR-NANGANALLUR 1;HUL-41A237D-P387615;GST43041;43430.0;1614.0;16.2055321;74.4349761;12.9763468;80.1867612;3.576
43431.0;BIKE (VIJAY);F-MR-PAMMAL(PALL);HUL-410243D-P19033;GST43047;43430.0;1334.0;12.96565611;80.14079504;12.96565611;80.14079504;3.07
43431.0;BIKE (VIJAY);PPB-MR-PAMMAL;HUL-410243D-PL0102;GST43089;43430.0;1266.0;12.97424117293241;80.13654221061859;12.9898007;80.1433401;1.157
43431.0;BIKE KANNAN;HUL - PAMMAL - 2;HUL-41A237D-P387798;GST43095;43430.0;385.0;12.97487;80.12663;12.948466;80.116605;0.528
43431.0;VAN3 (RAJKUMAR);HUL - PAMMAL - 2;HUL-41A237D-P39647;GST43098;43430.0;683.0;12.97870949203997;80.14011152491844;12.9767095;80.1424658;4.5
43431.0;BIKE (VIJAY);HUL - PAMMAL - 2;HUL-41A237D-P39652;GST43099;43430.0;636.0;12.97702629158539;80.14416058725442;12.9819317;80.1395001;3.54
43431.0;VAN3 (RAJKUMAR);HUL - PAMMAL - 2;HUL-41A237D-P39667;GST43100;43430.0;1971.0;12.98166823050334;80.13946993934337;12.97601668;80.13547002;15.659
43431.0;VAN 6 (BALA;HUL - PAMMAL - 2;HUL-41A237D-P39765;GST43102;43430.0;3027.0;12.97622030587567;80.14171537227935;12.9895949;80.1399042;26.64
43431.0;BIKE (VIJAY);DF - POZHICHALUR;HUL-410243D-P31831;GST43104;43430.0;600.0;12.98477262;80.12311969;12.98477262;80.12311969;2.9039999999999995
43431.0;BIKE (VIJAY);DF - POZHICHALUR;HUL-410243D-AN0043;GST43106;43430.0;374.0;12.98216776345045;80.12948696906551;12.98342193;80.12654099;1.109
43431.0;BIKE (B SUNDARAPANDI);HUL-NANGANALLUR 3;HUL-41A237D-P3880701;GST43117;43430.0;430.0;12.9820399;80.18703459999999;12.980015;80.176963;1.1
43431.0;BIKE (B SUNDARAPANDI);HUL-NANGANALLUR 3;HUL-41A237D-P3880716;GST43119;43430.0;358.0;12.9865794;80.1941701;12.963113;80.164156;2.6
43431.0;BIKE (B SUNDARAPANDI);HUL-NANGANALLUR 3;HUL-41A237D-P3880726;GST43120;43430.0;407.0;9.46215;77.23685;12.971478;80.185844;1.139
43432.0;VAN3 (RAJKUMAR);D-NANGANALLUR 1;HUL-410243D-NN0064;GST43132;43431.0;3388.0;12.98639097;80.17396094;12.98639097;80.17396094;25.276999999999997
43432.0;van 2(MURUGAN);F-CHROMPET 2;HUL-410243D-NG0021;GST43171;43431.0;3009.0;12.95765599292206;80.13232409811621;12.9558458;80.1340103;6.689000000000001
43432.0;van 2(MURUGAN);F-MR-CHROMPET 2;HUL-41A237D-P4246;GST43191;43431.0;4479.0;12.954295;80.134075;12.954295;80.134075;8.649000000000001
43432.0;VAN3 (RAJKUMAR);ST - PALLAVARAM;HUL-41A237D-P39596;GST43215;43431.0;2233.0;12.97436332350192;80.12527688290766;12.9701716666666;80.1454916666666;6.24
43432.0;BIKE (vijayapraba);ST - PALLAVARAM;HUL-41A237D-P40085;GST43216;43431.0;896.0;12.97428584978392;80.12736542987886;12.9666961;80.1427605;1.9380000000000002
43432.0;van 2(MURUGAN);HUL-PALLAVARAM - 3;HUL-41A237D-P3880972;GST43225;43431.0;2695.0;12.9545572;80.1308401;12.9545572;80.1308401;11.007000000000001
43432.0;VAN3 (RAJKUMAR);HUL-NANGANALLUR;HUL-41A237D-P387695;GST43235;43431.0;640.0;12.983608;80.18258;12.9832419;80.18406938;4.633
43432.0;VAN 6 (BALA;HUL-NANGANALLUR;HUL-41A237D-P387835;GST43237;43431.0;911.0;12.9801803;80.1824225;12.979501;80.159584;7.55
43432.0;VAN3 (RAJKUMAR);HUL-NANGANALLUR;HUL-41A237D-P388091;GST43238;43431.0;3047.0;12.9849952;80.1802676;13.005397;80.193922;14.86
43432.0;VAN3 (RAJKUMAR);HUL-NANGANALLUR;HUL-41A237D-P39953;GST43239;43431.0;3731.0;12.98671840530567;80.18796295126504;12.98736114;80.18453229;18.008
43432.0;VAN 6 (BALA;HUL-NANGANALLUR 2;HUL-41A237D-P3880665;GST43251;43431.0;1448.0;12.9921346;80.195424;12.982421;80.192318;4.662000000000002
43432.0;VAN3 (RAJKUMAR);HUL-NANGANALLUR 2;HUL-41A237D-P388084;GST43252;43431.0;666.0;12.98954732;80.18595081;12.98954732;80.18595081;4.05
43433.0;van 2(MURUGAN);PP-MR-PAMMAL;HUL-410243D-P19309;GST43291;43432.0;1949.0;12.97557968;80.14561601;12.97557968;80.14561601;1.5610000000000004
43433.0;VAN 4 (FELIX);F-MR-NANGANALLUR  2;HUL-410243D-BT0027;GST43323;43432.0;3940.0;12.98650333;80.17352666;12.984186;80.175064;8.517999999999999
43433.0;VAN 4 (FELIX);F-MR-NANGANALLUR  2;HUL-410243D-P20258;GST43327;43432.0;5139.0;12.97802833;80.18637833;12.97802833;80.18637833;11.624999999999996
43433.0;VAN 4 (FELIX);F-MR-NANGANALLUR  2;HUL-41A237D-P39840;GST43333;43432.0;4049.0;12.98589438;80.18214077;12.98589438;80.18214077;11.886
43433.0;BIKE (MOHAMMEDASAIN);HUL-ANAKAPUTHUR;HUL-410243D-P31346;GST43347;43432.0;823.0;12.98394994;80.12179872;12.98394994;80.12179872;0.7240000000000001
43433.0;BIKE (MOHAMMEDASAIN);HUL-ANAKAPUTHUR;HUL-410243D-P34800;GST43348;43432.0;655.0;12.98235644;80.13024279;12.98235644;80.13024279;2.888
43433.0;BIKE (MOHAMMEDASAIN);HUL-ANAKAPUTHUR;HUL-41A237D-P387683;GST43350;43432.0;488.0;12.99767;80.0972;12.9870067;80.1176715;0.594
43433.0;BIKE (MOHAMMEDASAIN);HUL-ANAKAPUTHUR;HUL-41A237D-P387946;GST43355;43432.0;1629.0;12.9813452;80.12934539999999;12.9813452;80.12934539999999;0.781
43433.0;BIKE (MOHAMMEDASAIN);PPA-MR-ANAKAPUTHUR;HUL-410243D-P16472;GST43376;43432.0;531.0;12.9813452;80.12934539999999;12.9833395;80.1271173;0.324
43433.0;VAN 4 (FELIX);HUL-NANGANALLUR 4;HUL-41A237D-P3880918;GST43391;43432.0;2456.0;12.9696962;80.1936589;12.981447;80.193121;8.758999999999999
43433.0;VAN 4 (FELIX);HUL-NANGANALLUR 4;HUL-41A237D-P3880923;GST43392;43432.0;466.0;12.9715645;80.18915969999999;12.98053;80.191745;4.463
43433.0;VAN 4 (FELIX);HUL-NANGANALLUR 4;HUL-41A237D-P39734;GST43393;43432.0;1634.0;12.9873799875951;80.1883348825022;12.98324074;80.18409544;16.764
43433.0;BIKE (vijayapraba);DF - CHROMPET - 2;HUL-410243D-P31016;GST43396;43432.0;358.0;12.94900756;80.13787013;12.9579934;80.128105;1.2
43433.0;VAN3 (RAJKUMAR);DF - CHROMPET - 2;HUL-410243D-P50604;GST43397;43432.0;494.0;12.9491061218991;80.13686365112585;12.9460597;80.1589831;5.64
43433.0;VAN3 (RAJKUMAR);HUL - CHROMPET - 3;HUL-41A237D-P3880746;GST43412;43432.0;3544.0;12.9476739;80.1478065;12.9476739;80.1478065;0.0
43433.0;VAN3 (RAJKUMAR);HUL - CHROMPET - 3;HUL-41A237D-P3880751;GST43413;43432.0;960.0;12.9469512;80.1467516;12.9469512;80.1467516;5.4
43433.0;VAN3 (RAJKUMAR);HUL - CHROMPET - 3;HUL-41A237D-P3880772;GST43414;43432.0;2320.0;12.9577149;80.1299354;12.953429;80.13233;8.937000000000001
43433.0;VAN3 (RAJKUMAR);HUL - CHROMPET - 3;HUL-41A237D-P388107;GST43416;43432.0;3042.0;12.949779;80.158796;12.949779;80.158796;12.588000000000001
43433.0;VAN 4 (FELIX);HUL - CHROMPET - 3;HUL-41A237D-P39698;GST43417;43432.0;2916.0;12.94280004681969;80.13984358930088;12.933521;80.103618;11.319999999999999
43433.0;van 2(MURUGAN);HUL - CHROMPET - 3;HUL-41A237D-P39703;GST43418;43432.0;848.0;12.94329150862241;80.13861406429555;12.9577654;80.1282467;3.5260000000000002
43433.0;VAN3 (RAJKUMAR);HUL - CHROMPET - 3;HUL-41A237D-P39818;GST43419;43432.0;3660.0;12.9552121;80.1461105;12.9552121;80.1461105;13.041000000000004
43433.0;BIKE (vijayapraba);HUL - CHROMPET - 3;HUL-41A237D-P39911;GST43420;43432.0;257.0;12.9676375916483;80.09055951183632;12.95328767;80.1397391;0.244
43433.0;BIKE (vijayapraba);HUL - CHROMPET - 3;HUL-41A237D-P4076;GST43421;43432.0;885.0;12.95882420083342;80.1298009144457;12.969673;80.134136;3.207
43434.0;VAN 4 (FELIX);D-NANGANALLUR 1;HUL-41A237D-P3970;GST43451;43433.0;35863.0;0.0;0.0;12.9872424296296;80.1843149803989;174.8
43434.0;BIKE (vijayapraba);ST - NANGANALLUR 2;HUL-410243D-P17656;GST43465;43433.0;960.0;12.9769482;80.1830634;12.9769482;80.1830634;0.9249999999999999
43434.0;BIKE (VIJAY);HUL- PALLAVARAM-2;HUL-410243D-P35330;GST43531;43433.0;13.0;12.97627499;80.14490833;12.97627499;80.14490833;0.085
43434.0;van 2(MURUGAN);HUL- PALLAVARAM-2;HUL-410243D-P49495;GST43534;43433.0;5082.0;12.97220999;80.15703333;12.97220999;80.15703333;37.00900000000001
43434.0;VAN3 (RAJKUMAR);HUL - ANAKAPUTHUR- 1;HUL-41A237D-P39485;GST43575;43433.0;1223.0;12.9879611;80.1163218;12.97859313;80.13115924;4.6610000000000005
43434.0;VAN 6 (BALA;HUL - ANAKAPUTHUR- 1;HUL-41A237D-P39505;GST43576;43433.0;3481.0;12.99116015687503;80.11740326588892;12.975843;80.1300781;20.494
43434.0;VAN 6 (BALA;HUL - ANAKAPUTHUR- 1;HUL-41A237D-P39580;GST43577;43433.0;3892.0;12.9877730061247;80.11940741167905;12.98650644;80.12594278;14.173000000000002
43434.0;van 2(MURUGAN);DF - PALLAVARAM;HUL-410243D-P49791;GST43580;43433.0;1619.0;12.97589166;80.146835;12.97589166;80.146835;8.058
43434.0;van 2(MURUGAN);DF - PALLAVARAM;HUL-410243D-AD0110;GST43589;43433.0;1263.0;13.0627021;80.2639011;12.9695829;80.1480432;4.35
43434.0;BIKE (MOHAMMEDASAIN);HUL-LAKSHMIPURAM;HUL-41A237D-P3880554;GST43605;43433.0;972.0;12.96003;80.14060599999999;12.96003;80.14060599999999;2.6010000000000004
43434.0;BIKE (B SUNDARAPANDI);P - MR - NANGANALLUR1;HUL-410243D-P14526;GST43609;43433.0;1580.0;12.97176930373453;80.19090641283105;12.9746098;80.1922438;1.1500000000000001
